employee_id,age,gender,education,experience_years,monthly_target,target_achievement,working_hours_per_week,overtime_hours_per_week,salary,commission_rate,job_satisfaction,work_location,manager_support_score,company_tenure_years,churn,marital_status,distance_to_office_km,churn_period
1,28,Male,High School,0,153,0.94,62,9,4667108,0.03,4,Suburban,3,2.8,0,Married,22,Stayed
2,41,Male,Diploma,6,188,0.54,55,8,5853507,0.06,3,Urban,3,2.7,1,Single,36,Onboarding
3,36,Female,High School,8,159,0.44,59,10,4781336,0.07,1,Urban,2,1.7,1,Single,17,Onboarding
4,32,Male,Diploma,7,185,0.66,68,15,3624588,0.05,1,Urban,2,0.5,1,Married,32,Onboarding
5,29,Female,High School,7,142,1.01,45,9,5154327,0.08,3,Rural,2,4.5,0,Single,14,Stayed
6,42,Male,Diploma,5,143,0.73,62,16,7070081,0.06,3,Urban,2,4.0,0,Single,42,Stayed
7,28,Female,Bachelor,3,105,0.92,43,18,4150127,0.03,3,Suburban,2,0.8,0,Single,29,Stayed
8,40,Male,Bachelor,7,109,0.86,54,1,7999712,0.04,2,Urban,1,3.9,0,Single,6,Stayed
9,44,Male,Diploma,2,187,0.42,63,1,5489913,0.09,1,Urban,2,3.2,1,Single,4,1 Month
10,32,Male,Diploma,8,88,1.19,64,5,6917000,0.08,1,Urban,4,2.1,0,Married,11,Stayed
11,32,Female,Diploma,1,77,0.43,40,18,5678306,0.09,1,Suburban,3,1.3,1,Married,45,1 Month
12,42,Male,Diploma,1,98,1.17,46,7,5214904,0.03,3,Suburban,2,4.3,0,Single,40,Stayed
13,25,Male,Diploma,6,174,0.84,64,2,5350716,0.1,3,Rural,1,3.5,0,Single,10,Stayed
14,29,Male,High School,9,62,1.17,51,13,7487561,0.04,3,Urban,4,2.8,0,Single,28,Stayed
15,24,Female,Bachelor,3,85,0.49,49,15,4819456,0.02,3,Urban,4,3.1,0,Single,11,Stayed
16,43,Male,Diploma,9,150,0.79,44,0,4264008,0.1,4,Rural,3,0.5,1,Single,35,1 Month
17,42,Female,High School,7,75,0.54,51,2,5768654,0.04,3,Urban,4,2.4,0,Married,15,Stayed
18,23,Male,Diploma,8,135,0.44,57,17,4382212,0.07,2,Suburban,4,1.0,0,Single,8,Stayed
19,33,Male,Diploma,6,53,0.89,49,8,4259112,0.03,4,Suburban,4,1.1,0,Single,20,Stayed
20,27,Male,Bachelor,4,131,0.57,45,5,6876345,0.07,4,Urban,4,3.3,1,Single,21,1 Month
21,23,Male,Bachelor,7,176,0.87,67,0,6180863,0.09,3,Suburban,1,4.6,1,Single,1,1 Month
22,42,Female,Bachelor,3,137,0.49,51,9,5233414,0.05,1,Urban,3,2.1,1,Single,29,3 Months
23,22,Male,High School,1,176,0.67,46,5,4643063,0.07,3,Urban,2,1.1,1,Single,24,1 Month
24,33,Male,Diploma,5,169,1.03,57,11,3004331,0.04,1,Urban,4,3.3,0,Single,30,Stayed
25,43,Female,Diploma,8,71,0.75,41,3,4565976,0.07,3,Rural,1,4.4,0,Married,40,Stayed
26,33,Male,High School,0,179,0.9,49,12,6976808,0.05,3,Urban,3,3.8,0,Single,35,Stayed
27,38,Male,High School,9,80,0.92,54,16,3212854,0.04,1,Suburban,2,4.4,1,Single,33,3 Months
28,31,Female,Bachelor,6,168,1.08,69,7,7744353,0.05,1,Rural,3,2.7,0,Single,20,Stayed
29,37,Male,High School,9,60,0.66,51,19,7983998,0.03,1,Suburban,1,3.8,1,Married,16,Onboarding
30,36,Male,Diploma,8,95,0.95,65,2,4553416,0.09,1,Suburban,1,0.8,1,Single,9,Onboarding
31,36,Female,High School,9,145,1.17,56,11,5956156,0.05,2,Urban,1,1.8,1,Single,31,Onboarding
32,40,Male,High School,8,59,0.98,43,6,7974384,0.04,1,Urban,4,2.0,0,Single,17,Stayed
33,33,Male,High School,9,177,0.79,46,11,5281696,0.06,3,Urban,1,2.6,0,Married,31,Stayed
34,44,Male,Bachelor,2,148,0.9,69,1,4133243,0.05,3,Suburban,2,4.7,0,Single,48,Stayed
35,41,Female,Bachelor,4,161,0.99,48,13,3004677,0.08,2,Rural,4,4.4,0,Single,23,Stayed
36,24,Male,Bachelor,7,109,0.89,58,4,3204580,0.1,1,Rural,3,0.8,1,Single,6,Onboarding
37,26,Male,Diploma,7,136,0.41,67,8,3130334,0.06,3,Rural,2,0.9,1,Single,30,1 Month
38,40,Female,High School,3,194,0.56,66,10,7557885,0.09,2,Rural,4,1.9,1,Single,7,3 Months
39,28,Female,Diploma,0,114,1.05,62,4,5052109,0.07,3,Urban,1,1.5,0,Single,48,Stayed
40,42,Male,Diploma,0,106,0.62,46,2,5508963,0.03,2,Suburban,3,3.1,1,Married,40,3 Months
41,30,Male,Bachelor,3,155,0.99,62,16,4881934,0.08,2,Rural,1,4.5,1,Married,42,Onboarding
42,28,Male,High School,5,58,0.7,41,1,5696711,0.06,4,Urban,2,4.8,0,Single,46,Stayed
43,39,Female,Diploma,7,71,0.82,45,0,3558745,0.07,4,Rural,2,3.3,0,Single,11,Stayed
44,25,Male,High School,5,190,0.45,57,6,3566819,0.09,1,Urban,4,4.2,1,Single,34,1 Month
45,35,Male,Diploma,8,138,0.54,45,13,6798043,0.06,4,Suburban,2,2.7,0,Single,12,Stayed
46,39,Female,Bachelor,8,67,1.17,52,4,3194243,0.09,2,Suburban,3,1.1,1,Married,45,1 Month
47,30,Female,Diploma,1,164,1.11,65,18,7451535,0.08,3,Rural,4,2.7,1,Married,47,3 Months
48,42,Male,Diploma,9,194,0.92,58,10,5870741,0.06,3,Urban,3,2.8,0,Single,27,Stayed
49,23,Female,Diploma,0,192,0.77,69,1,3617423,0.07,1,Suburban,1,3.7,1,Single,12,Onboarding
50,41,Male,Diploma,1,155,0.94,41,7,3590642,0.05,4,Suburban,3,1.2,0,Single,13,Stayed
51,36,Female,Bachelor,4,64,0.89,51,8,3637031,0.1,1,Urban,3,1.9,0,Married,8,Stayed
52,28,Male,Bachelor,3,112,0.85,54,2,5865893,0.07,2,Suburban,2,1.9,1,Married,16,3 Months
53,33,Male,Bachelor,3,62,0.45,53,1,5003369,0.02,4,Suburban,1,4.8,1,Married,29,Onboarding
54,29,Female,Bachelor,8,130,0.91,45,6,4250844,0.05,1,Suburban,2,2.3,1,Married,35,3 Months
55,36,Male,Diploma,7,81,1.02,57,4,3916094,0.07,3,Urban,1,3.8,1,Single,29,3 Months
56,24,Male,Diploma,5,186,1.2,44,4,7289361,0.02,3,Urban,1,3.8,0,Married,31,Stayed
57,35,Female,Diploma,0,89,0.41,57,19,4086985,0.02,1,Suburban,3,1.4,1,Married,13,3 Months
58,38,Female,High School,1,197,0.98,42,12,3246889,0.06,1,Urban,2,2.9,1,Single,12,1 Month
59,25,Male,Bachelor,5,131,0.86,42,19,4465088,0.05,1,Urban,3,4.5,0,Single,2,Stayed
60,39,Male,High School,1,126,0.75,61,5,7184251,0.06,2,Rural,3,2.4,1,Married,33,3 Months
61,29,Male,Bachelor,9,125,0.5,61,19,6112252,0.04,2,Suburban,3,4.7,1,Single,8,3 Months
62,25,Male,Diploma,4,87,0.73,49,17,7275542,0.03,3,Suburban,1,1.2,1,Married,41,1 Month
63,23,Male,Diploma,4,120,0.68,58,1,4743227,0.08,2,Urban,2,0.5,1,Married,40,1 Month
64,27,Male,Diploma,5,97,0.64,42,5,5371693,0.06,2,Urban,2,4.5,1,Married,49,Onboarding
65,43,Female,Bachelor,5,67,0.98,68,8,7169647,0.04,4,Urban,3,4.3,1,Married,41,Onboarding
66,31,Male,Diploma,5,193,0.96,51,2,3586470,0.05,2,Urban,1,5.0,1,Single,32,1 Month
67,25,Male,Diploma,1,88,0.87,68,0,6974409,0.07,4,Suburban,2,3.4,1,Married,38,3 Months
68,43,Male,High School,9,138,1.15,55,0,6305141,0.03,2,Suburban,4,4.7,0,Single,28,Stayed
69,39,Female,Diploma,2,111,0.68,56,18,3177216,0.03,3,Urban,2,4.2,1,Single,15,Onboarding
70,33,Male,High School,5,190,0.6,46,4,7649292,0.03,1,Urban,3,4.2,0,Single,23,Stayed
71,23,Male,Bachelor,7,158,0.92,52,12,5176512,0.08,3,Urban,4,2.9,0,Single,24,Stayed
72,31,Male,Diploma,0,130,0.56,63,18,6683460,0.08,2,Urban,1,2.0,1,Single,13,Onboarding
73,25,Male,Diploma,0,183,0.65,41,11,5536015,0.08,1,Urban,4,4.7,0,Married,21,Stayed
74,35,Male,High School,1,126,0.58,43,15,3123662,0.08,1,Rural,4,2.2,0,Single,12,Stayed
75,37,Female,High School,5,139,0.46,49,18,4818352,0.07,1,Suburban,3,2.7,1,Single,13,Onboarding
76,36,Female,Bachelor,8,63,1.06,46,2,6244571,0.06,4,Suburban,2,2.3,0,Single,39,Stayed
77,29,Male,High School,3,144,0.6,63,11,5894558,0.07,3,Urban,1,2.9,1,Single,23,3 Months
78,35,Male,High School,2,103,0.78,56,4,3636438,0.02,4,Rural,4,2.4,0,Married,46,Stayed
79,44,Female,High School,7,181,0.43,59,1,4480175,0.07,1,Suburban,3,0.3,1,Single,43,1 Month
80,29,Female,Bachelor,9,88,0.96,45,6,4829484,0.08,3,Suburban,2,4.4,1,Married,28,1 Month
81,42,Male,Bachelor,8,121,0.66,58,12,4667690,0.06,3,Urban,4,2.3,1,Married,14,1 Month
82,37,Male,Diploma,4,74,1.0,44,14,7419425,0.05,2,Rural,3,3.0,1,Single,17,1 Month
83,34,Male,High School,8,126,0.73,49,2,4969036,0.04,4,Rural,3,0.8,0,Married,24,Stayed
84,39,Male,Diploma,1,169,0.56,48,19,6911451,0.07,4,Rural,3,0.1,1,Single,34,3 Months
85,36,Female,Bachelor,2,102,0.81,66,4,5746153,0.08,2,Urban,1,1.3,1,Single,48,3 Months
86,42,Female,Diploma,6,180,0.5,52,7,4104188,0.09,4,Urban,2,3.6,1,Married,22,1 Month
87,34,Female,High School,6,199,0.75,58,0,6709726,0.05,1,Urban,4,0.6,1,Married,10,Onboarding
88,30,Male,High School,5,145,0.65,60,7,6783112,0.08,1,Urban,2,4.6,1,Single,8,Onboarding
89,36,Male,High School,5,121,1.13,63,17,5306569,0.06,4,Rural,2,1.2,0,Single,21,Stayed
90,34,Female,Diploma,1,111,0.45,45,19,3211463,0.09,2,Urban,4,1.1,1,Single,37,1 Month
91,22,Female,Bachelor,9,55,0.96,43,15,4667788,0.06,3,Urban,2,1.0,0,Single,7,Stayed
92,28,Male,High School,5,81,0.55,63,17,3268602,0.06,4,Urban,1,0.2,1,Married,26,1 Month
93,30,Female,High School,3,148,0.66,66,19,5394820,0.07,3,Urban,4,3.9,1,Single,13,3 Months
94,22,Female,High School,2,187,0.73,42,11,3662213,0.08,2,Urban,4,4.4,0,Single,16,Stayed
95,33,Male,Bachelor,1,180,1.13,42,12,7736912,0.1,3,Suburban,3,3.1,0,Married,30,Stayed
96,29,Male,High School,0,125,0.59,43,12,5191306,0.03,2,Suburban,2,1.0,1,Single,31,3 Months
97,32,Male,Bachelor,4,108,0.47,64,9,5673683,0.02,2,Urban,4,1.5,1,Single,5,Onboarding
98,40,Male,Diploma,1,80,0.65,44,6,6846703,0.1,1,Urban,4,2.4,1,Married,32,3 Months
99,38,Male,Diploma,1,142,0.48,47,13,5507720,0.06,1,Urban,1,4.8,1,Married,16,3 Months
100,29,Female,High School,6,118,0.5,55,15,6742849,0.07,2,Urban,3,1.3,1,Married,47,1 Month
101,24,Male,High School,7,101,0.86,61,14,3093476,0.06,4,Suburban,4,3.7,0,Single,9,Stayed
102,24,Male,Diploma,9,138,0.45,42,11,3114560,0.03,1,Suburban,1,2.3,1,Married,22,1 Month
103,22,Male,Bachelor,7,176,0.42,63,8,4349987,0.08,2,Suburban,4,1.6,1,Single,44,3 Months
104,26,Male,Diploma,3,80,0.97,51,7,6707957,0.08,3,Suburban,4,2.3,0,Single,40,Stayed
105,31,Female,Diploma,0,133,0.69,64,17,3869241,0.04,3,Urban,4,0.4,1,Married,45,Onboarding
106,28,Male,High School,6,176,0.5,47,17,3549656,0.04,4,Rural,1,4.0,1,Single,37,1 Month
107,30,Male,Bachelor,0,199,0.6,52,12,6438856,0.09,3,Rural,2,1.3,1,Married,14,1 Month
108,28,Female,Bachelor,3,181,0.91,43,17,6580885,0.03,3,Rural,4,3.7,0,Single,16,Stayed
109,30,Male,High School,7,62,0.62,53,14,6403209,0.09,2,Urban,4,0.4,1,Single,43,3 Months
110,29,Male,Bachelor,1,94,0.8,53,3,5097953,0.04,3,Rural,2,4.8,1,Married,20,1 Month
111,33,Male,Diploma,5,176,0.5,52,16,5727978,0.07,3,Rural,4,1.0,1,Single,44,3 Months
112,23,Male,Diploma,5,163,0.87,66,4,5995785,0.09,3,Rural,3,4.4,1,Married,15,3 Months
113,22,Male,Bachelor,8,69,0.65,45,15,6980125,0.07,3,Urban,4,4.1,1,Single,44,1 Month
114,37,Male,Bachelor,4,130,0.9,56,8,4826629,0.05,2,Suburban,3,4.8,1,Married,26,Onboarding
115,44,Male,Diploma,9,178,1.05,43,9,5395265,0.08,3,Rural,2,2.4,0,Single,9,Stayed
116,44,Female,High School,3,192,0.89,47,17,3091679,0.05,4,Suburban,1,3.7,1,Single,1,3 Months
117,26,Male,Diploma,4,66,0.64,56,16,5778217,0.04,1,Suburban,2,1.9,1,Single,35,Onboarding
118,24,Male,Bachelor,9,107,0.6,42,17,4339083,0.1,4,Rural,4,1.0,0,Married,44,Stayed
119,33,Male,High School,4,121,0.66,56,6,6024628,0.08,1,Urban,3,2.3,1,Married,20,Onboarding
120,29,Male,Diploma,7,158,0.53,48,3,6703367,0.07,4,Suburban,1,0.9,1,Married,45,3 Months
121,43,Male,Diploma,9,72,0.54,41,4,7806540,0.05,1,Urban,4,4.9,1,Single,6,3 Months
122,24,Male,Diploma,7,121,1.03,64,15,6890702,0.02,1,Rural,1,0.6,1,Single,42,Onboarding
123,22,Female,Diploma,1,57,0.71,52,2,6988395,0.02,1,Urban,1,3.0,1,Single,10,3 Months
124,24,Male,Bachelor,6,108,0.75,59,17,5374151,0.06,1,Suburban,4,3.2,0,Single,48,Stayed
125,26,Male,High School,7,160,0.88,41,13,3177476,0.08,2,Suburban,2,2.7,0,Single,33,Stayed
126,36,Male,High School,5,62,0.87,59,14,4199217,0.06,4,Suburban,4,3.3,0,Married,16,Stayed
127,35,Female,High School,4,65,0.45,67,16,5675877,0.09,1,Suburban,4,0.7,1,Married,36,1 Month
128,24,Male,Bachelor,8,168,1.07,50,0,5253962,0.02,4,Rural,2,2.8,0,Single,6,Stayed
129,22,Male,Diploma,2,51,0.54,66,16,5949908,0.05,3,Rural,3,1.5,1,Single,19,Onboarding
130,26,Male,High School,9,194,0.98,65,10,7013880,0.04,1,Urban,4,4.7,1,Married,31,1 Month
131,44,Female,Bachelor,3,79,1.02,61,16,4931441,0.06,4,Urban,1,3.8,0,Single,2,Stayed
132,35,Male,Bachelor,8,152,0.97,54,13,3265033,0.03,2,Urban,4,4.9,0,Single,18,Stayed
133,28,Female,Bachelor,5,62,0.86,50,19,7728161,0.1,4,Urban,4,0.3,0,Single,42,Stayed
134,30,Male,Bachelor,7,145,0.41,62,18,6352477,0.04,1,Suburban,1,1.5,1,Single,28,Onboarding
135,36,Male,High School,6,143,0.69,42,6,6924845,0.09,3,Rural,2,1.1,0,Married,4,Stayed
136,36,Male,Bachelor,1,131,0.88,42,12,4135730,0.05,4,Rural,3,0.2,1,Single,1,3 Months
137,31,Male,Diploma,2,62,0.71,67,17,4156649,0.1,3,Urban,3,1.3,0,Single,47,Stayed
138,34,Male,Bachelor,0,143,1.09,65,13,6702085,0.06,2,Urban,1,3.4,1,Single,42,1 Month
139,40,Male,Bachelor,8,198,0.65,51,0,3842329,0.09,4,Suburban,2,1.2,0,Married,16,Stayed
140,28,Female,Bachelor,6,161,0.63,63,6,4193582,0.02,4,Suburban,4,2.6,1,Single,45,3 Months
141,38,Male,Diploma,0,104,0.61,44,7,3888976,0.08,2,Urban,4,4.5,1,Single,47,3 Months
142,41,Male,High School,2,130,0.67,59,17,4591570,0.09,2,Rural,4,3.5,1,Married,2,1 Month
143,25,Male,Diploma,3,165,0.85,46,8,3174588,0.03,2,Rural,4,2.0,1,Married,36,3 Months
144,26,Male,Bachelor,3,192,0.97,46,0,6773618,0.03,1,Urban,4,1.9,0,Married,1,Stayed
145,44,Male,Bachelor,4,157,0.93,52,16,6585854,0.05,1,Rural,1,2.3,1,Married,39,3 Months
146,28,Male,High School,2,102,1.05,48,18,4530332,0.09,4,Urban,4,1.0,0,Single,23,Stayed
147,34,Male,High School,2,177,1.11,64,5,7319050,0.06,4,Suburban,4,3.2,0,Single,26,Stayed
148,36,Female,High School,0,106,1.05,60,2,7739023,0.06,4,Urban,2,1.9,0,Single,11,Stayed
149,32,Female,Bachelor,6,101,0.42,52,4,4033290,0.03,3,Urban,4,4.3,1,Single,42,1 Month
150,25,Male,Bachelor,9,186,0.99,51,1,7625535,0.02,2,Rural,3,3.8,0,Married,1,Stayed
151,34,Male,High School,0,160,0.57,52,19,7949702,0.08,4,Urban,1,3.1,1,Married,11,Onboarding
152,28,Male,Diploma,1,50,0.51,63,3,6446549,0.03,2,Suburban,1,1.9,1,Married,24,Onboarding
153,40,Male,Bachelor,3,93,0.91,49,9,6158546,0.07,1,Urban,1,1.1,0,Single,10,Stayed
154,43,Male,Bachelor,3,124,0.66,40,9,3481438,0.09,2,Urban,3,3.9,1,Married,14,Onboarding
155,23,Male,Diploma,4,147,0.45,64,10,7768424,0.04,3,Urban,4,2.5,0,Married,14,Stayed
156,31,Female,Diploma,1,58,0.51,47,15,5705430,0.07,3,Urban,1,1.2,0,Single,7,Stayed
157,34,Male,Diploma,3,81,0.4,61,16,4258542,0.03,2,Suburban,3,1.1,1,Married,23,3 Months
158,42,Male,High School,0,64,1.12,55,15,4120780,0.07,3,Urban,2,0.9,1,Single,43,1 Month
159,27,Male,Diploma,1,189,0.42,52,6,5142936,0.03,3,Suburban,4,3.9,1,Single,22,1 Month
160,33,Male,Diploma,0,185,0.57,42,15,7072091,0.08,1,Suburban,3,1.2,1,Married,36,1 Month
161,33,Male,Bachelor,9,121,0.73,42,2,4304140,0.04,4,Suburban,4,2.7,0,Married,27,Stayed
162,41,Male,Diploma,9,61,0.69,63,15,7808098,0.06,3,Urban,2,2.3,1,Single,2,3 Months
163,32,Male,Bachelor,3,114,1.13,44,7,6793868,0.07,4,Rural,3,2.9,1,Single,39,Onboarding
164,44,Female,High School,3,156,0.43,65,11,4788702,0.03,2,Urban,4,4.4,1,Married,46,Onboarding
165,28,Male,Diploma,6,91,0.81,50,2,6696724,0.08,2,Urban,3,4.4,1,Married,19,3 Months
166,22,Male,High School,9,164,0.94,69,16,4591711,0.04,3,Urban,1,2.3,1,Married,7,Onboarding
167,22,Male,High School,8,188,1.15,46,17,4628853,0.07,2,Urban,4,0.2,1,Single,12,1 Month
168,41,Male,Bachelor,8,152,0.9,60,10,5058721,0.03,1,Urban,3,2.2,0,Single,3,Stayed
169,34,Male,Bachelor,4,144,1.04,63,3,4960391,0.08,3,Suburban,1,3.1,1,Single,47,Onboarding
170,30,Female,High School,9,66,0.47,49,15,7657448,0.03,3,Urban,2,2.8,1,Single,5,Onboarding
171,24,Female,Diploma,0,134,0.71,49,16,7076773,0.05,3,Urban,4,3.3,0,Single,8,Stayed
172,28,Female,Bachelor,0,105,0.7,59,8,7512121,0.04,2,Suburban,4,0.9,1,Single,14,1 Month
173,27,Male,High School,5,183,1.11,41,5,5120100,0.08,2,Urban,2,3.3,0,Single,36,Stayed
174,29,Male,Diploma,1,135,0.52,42,19,3059072,0.04,3,Urban,1,1.0,0,Single,7,Stayed
175,30,Male,Bachelor,7,151,0.52,47,1,6475432,0.09,4,Urban,2,3.8,1,Married,7,3 Months
176,26,Male,Diploma,8,103,0.66,50,8,6883337,0.09,2,Suburban,4,1.8,1,Single,46,Onboarding
177,22,Female,High School,3,164,0.44,52,5,5163843,0.04,2,Urban,3,3.6,1,Single,32,1 Month
178,40,Male,Diploma,4,188,0.55,46,2,5762594,0.07,3,Urban,1,0.3,1,Single,8,Onboarding
179,31,Male,Bachelor,7,137,1.17,52,19,7034941,0.03,4,Suburban,1,2.1,0,Single,12,Stayed
180,33,Male,Diploma,2,98,0.74,41,5,7201390,0.05,3,Suburban,1,3.6,0,Single,10,Stayed
181,36,Male,High School,4,198,0.91,45,6,3389962,0.08,2,Suburban,2,1.2,1,Married,14,1 Month
182,43,Male,Bachelor,2,164,0.98,48,0,7786445,0.07,3,Rural,2,4.0,1,Married,9,3 Months
183,30,Male,High School,9,112,0.69,59,0,6477899,0.07,3,Urban,3,3.2,1,Single,38,1 Month
184,41,Male,Bachelor,2,153,0.52,64,4,6423788,0.04,3,Urban,3,3.0,1,Single,30,1 Month
185,38,Female,High School,2,132,0.57,41,5,3801680,0.05,4,Urban,1,1.8,1,Single,5,3 Months
186,38,Female,Bachelor,6,152,0.65,57,12,7131279,0.03,3,Urban,3,2.5,1,Married,1,Onboarding
187,41,Male,Diploma,6,66,0.91,55,1,4859234,0.08,2,Urban,2,3.0,1,Single,1,1 Month
188,33,Male,Diploma,6,55,0.72,64,14,3942529,0.06,3,Urban,3,2.4,0,Single,20,Stayed
189,28,Male,High School,9,196,0.41,51,14,7957514,0.08,4,Suburban,2,3.5,1,Married,49,1 Month
190,23,Male,Diploma,7,77,0.82,46,12,6940008,0.04,1,Suburban,3,2.2,1,Married,11,Onboarding
191,24,Male,Bachelor,4,87,1.14,46,13,4587138,0.05,4,Urban,4,1.1,0,Married,26,Stayed
192,38,Male,Bachelor,4,168,1.05,56,6,5086172,0.05,3,Suburban,2,1.1,0,Married,44,Stayed
193,26,Male,Diploma,3,86,1.06,52,13,4365265,0.02,1,Urban,4,0.1,1,Married,3,1 Month
194,38,Male,Diploma,6,164,1.04,50,9,6930131,0.05,3,Urban,2,1.6,1,Single,6,Onboarding
195,38,Male,Bachelor,9,117,0.66,45,16,6242222,0.08,4,Suburban,3,3.8,0,Single,43,Stayed
196,38,Male,Bachelor,3,92,1.01,68,13,3115981,0.09,1,Urban,4,4.0,1,Married,45,3 Months
197,23,Female,Diploma,1,107,0.51,62,7,7210608,0.06,1,Urban,3,1.1,1,Married,11,1 Month
198,23,Female,Diploma,3,62,0.93,66,3,4322014,0.06,3,Urban,2,4.8,0,Married,8,Stayed
199,43,Male,Diploma,7,101,0.91,53,15,3288569,0.02,3,Rural,4,2.6,0,Single,29,Stayed
200,44,Female,Diploma,8,107,0.42,45,12,3724071,0.09,4,Suburban,1,4.6,1,Single,10,Onboarding
201,26,Male,High School,2,81,1.03,45,19,6256505,0.02,3,Urban,3,3.6,1,Single,34,Onboarding
202,22,Female,Diploma,6,154,1.12,41,17,3402641,0.1,1,Rural,2,3.6,0,Single,24,Stayed
203,22,Female,Diploma,8,132,0.61,61,13,7812056,0.06,2,Suburban,4,0.5,1,Single,46,3 Months
204,40,Male,Bachelor,3,148,1.05,59,17,6776764,0.05,2,Suburban,3,1.2,0,Married,48,Stayed
205,23,Male,High School,9,153,0.47,64,4,4515538,0.09,4,Rural,4,0.1,1,Single,17,3 Months
206,42,Male,Diploma,2,77,0.88,54,8,5899675,0.02,3,Urban,3,3.6,0,Married,32,Stayed
207,33,Male,Diploma,4,178,0.79,67,2,6399902,0.07,4,Urban,3,1.8,0,Married,11,Stayed
208,27,Male,Diploma,0,97,0.84,56,7,7849666,0.06,2,Suburban,3,4.0,0,Single,34,Stayed
209,44,Male,High School,2,89,1.14,68,19,6399618,0.04,2,Suburban,4,1.8,0,Single,24,Stayed
210,25,Male,Diploma,7,146,1.1,47,9,6404629,0.05,3,Suburban,4,4.1,0,Married,5,Stayed
211,44,Female,Diploma,7,163,1.03,44,18,5192848,0.07,1,Suburban,3,0.7,1,Married,29,3 Months
212,32,Female,Diploma,3,181,0.62,56,2,5773219,0.08,3,Rural,1,0.9,1,Married,48,1 Month
213,38,Male,Diploma,1,186,1.13,59,10,7864912,0.02,2,Rural,1,1.8,1,Married,48,3 Months
214,27,Male,Diploma,7,160,0.48,40,10,4644173,0.09,1,Rural,1,2.1,1,Married,34,3 Months
215,26,Male,Bachelor,7,193,1.08,61,16,3969224,0.03,4,Rural,2,1.8,1,Single,16,1 Month
216,41,Male,High School,9,125,0.66,57,15,5767549,0.04,2,Rural,1,3.8,1,Married,25,1 Month
217,23,Female,Bachelor,3,80,0.44,54,6,7261725,0.04,4,Urban,4,0.6,1,Married,37,1 Month
218,27,Male,Diploma,2,168,0.94,44,3,3236436,0.02,1,Urban,1,1.8,0,Married,8,Stayed
219,43,Male,High School,1,191,0.59,46,18,5214178,0.03,4,Urban,4,4.2,1,Single,29,Onboarding
220,32,Male,High School,8,74,0.59,57,11,3074804,0.1,2,Rural,2,0.4,1,Married,46,1 Month
221,37,Male,Diploma,0,83,0.64,45,14,6657390,0.05,3,Suburban,4,4.7,0,Single,25,Stayed
222,37,Male,Bachelor,6,116,0.45,61,10,5976877,0.03,4,Suburban,4,4.9,1,Married,42,3 Months
223,22,Female,Bachelor,4,167,0.54,60,4,6789514,0.03,2,Urban,4,0.5,1,Single,23,3 Months
224,30,Male,Bachelor,7,122,0.4,44,4,7957107,0.08,2,Urban,1,1.5,1,Single,34,Onboarding
225,27,Male,Diploma,3,75,0.76,69,14,4972871,0.09,1,Suburban,3,1.9,0,Single,3,Stayed
226,37,Male,Diploma,6,197,0.47,58,17,4940483,0.04,2,Urban,4,3.9,1,Single,30,1 Month
227,24,Female,High School,4,153,0.95,49,10,5911898,0.02,3,Urban,1,3.0,1,Single,34,1 Month
228,41,Female,Diploma,4,59,0.59,54,11,3487335,0.04,3,Urban,1,3.3,1,Married,32,Onboarding
229,25,Male,Diploma,8,116,1.15,49,1,6509163,0.02,4,Urban,1,3.8,0,Single,29,Stayed
230,40,Male,High School,8,54,1.1,66,19,6387951,0.03,4,Suburban,3,0.7,0,Single,9,Stayed
231,24,Male,High School,8,76,0.63,55,14,4261402,0.05,4,Urban,3,4.2,0,Single,2,Stayed
232,40,Male,Diploma,5,162,1.03,51,19,6875251,0.04,4,Suburban,3,3.6,0,Single,39,Stayed
233,41,Female,Bachelor,5,64,1.04,57,3,6840507,0.06,3,Urban,3,2.9,0,Single,7,Stayed
234,28,Male,Bachelor,4,154,1.19,62,17,4366851,0.04,1,Rural,2,4.5,1,Single,46,3 Months
235,41,Male,Bachelor,8,93,0.88,40,5,5579082,0.1,4,Urban,3,3.5,0,Single,5,Stayed
236,30,Male,Diploma,9,75,0.47,55,18,5126028,0.09,1,Suburban,3,1.1,0,Married,8,Stayed
237,22,Male,Diploma,7,144,0.92,61,10,5985032,0.07,2,Suburban,3,2.2,1,Single,32,1 Month
238,29,Male,Diploma,6,133,0.9,45,1,6077195,0.05,2,Urban,4,2.5,0,Single,18,Stayed
239,28,Female,Bachelor,6,189,0.91,42,7,5326344,0.05,4,Rural,4,0.4,0,Single,38,Stayed
240,39,Male,High School,5,181,0.65,41,10,6457100,0.05,2,Suburban,3,4.8,1,Married,46,Onboarding
241,29,Male,Diploma,4,136,1.09,67,4,5349465,0.08,1,Urban,2,0.7,1,Single,18,1 Month
242,22,Male,Bachelor,3,161,1.17,41,17,4076837,0.06,1,Urban,4,3.5,1,Single,49,3 Months
243,32,Male,Diploma,2,178,0.57,69,17,6099449,0.09,2,Rural,1,2.6,1,Single,41,Onboarding
244,39,Male,Diploma,2,138,0.47,52,13,6110999,0.1,4,Suburban,4,0.2,1,Single,45,3 Months
245,44,Male,Diploma,5,115,0.56,48,9,4537746,0.05,1,Urban,1,4.6,1,Single,16,Onboarding
246,31,Female,High School,3,180,1.06,55,2,4629040,0.06,1,Urban,4,4.3,0,Single,21,Stayed
247,24,Male,Diploma,5,171,0.94,66,8,5411596,0.03,3,Rural,3,2.7,0,Single,10,Stayed
248,28,Male,Diploma,2,198,0.91,44,2,5239564,0.04,4,Suburban,4,1.2,0,Single,42,Stayed
249,37,Male,High School,3,133,0.72,62,10,6663289,0.05,3,Suburban,3,0.7,0,Single,4,Stayed
250,37,Male,High School,8,165,0.86,67,11,7188699,0.04,2,Urban,3,1.9,1,Married,44,1 Month
251,41,Female,Bachelor,4,165,0.65,60,11,5916596,0.09,2,Suburban,4,1.4,1,Married,8,1 Month
252,38,Female,High School,6,87,0.78,46,2,7127436,0.03,3,Urban,1,2.6,1,Single,47,1 Month
253,23,Male,Diploma,9,192,1.03,52,6,5465933,0.06,4,Urban,1,4.8,1,Married,19,1 Month
254,22,Male,High School,1,159,1.18,59,13,7866940,0.07,1,Suburban,4,2.9,1,Married,47,3 Months
255,37,Male,Bachelor,4,95,1.15,63,10,6462511,0.08,2,Rural,3,4.5,1,Married,40,1 Month
256,33,Male,High School,8,74,1.15,68,6,3384083,0.05,4,Urban,1,3.3,1,Single,40,Onboarding
257,26,Male,Diploma,2,70,0.72,66,9,3531598,0.09,4,Urban,2,2.4,1,Married,9,Onboarding
258,26,Male,Bachelor,8,170,0.78,69,10,5278845,0.07,2,Suburban,3,4.3,1,Single,30,3 Months
259,44,Male,Bachelor,5,171,0.96,65,14,3666252,0.06,2,Suburban,4,2.4,0,Single,17,Stayed
260,30,Male,High School,3,182,1.14,52,18,6050798,0.03,4,Rural,3,4.4,0,Single,40,Stayed
261,30,Female,Bachelor,6,119,0.51,66,15,5536047,0.06,1,Suburban,2,1.5,1,Single,44,Onboarding
262,24,Male,Diploma,7,162,0.64,65,19,6324353,0.09,3,Urban,2,0.7,1,Single,15,1 Month
263,40,Male,Diploma,5,156,0.51,46,11,6254992,0.07,2,Rural,1,4.3,1,Single,4,Onboarding
264,37,Female,High School,4,161,0.89,49,17,7797663,0.09,3,Suburban,2,3.0,0,Married,6,Stayed
265,37,Male,High School,5,157,0.65,54,12,3696362,0.06,4,Rural,3,4.5,0,Single,16,Stayed
266,24,Male,Bachelor,4,96,0.66,60,4,7461835,0.03,3,Suburban,1,4.7,1,Single,26,Onboarding
267,41,Male,Diploma,7,140,0.46,66,3,6535443,0.02,1,Rural,2,0.4,1,Single,37,1 Month
268,43,Male,Diploma,0,67,0.68,45,13,4932303,0.04,4,Urban,1,2.6,0,Single,23,Stayed
269,22,Female,Bachelor,6,198,1.09,44,7,5751821,0.08,1,Urban,1,1.9,1,Single,13,1 Month
270,41,Female,Bachelor,9,153,0.59,62,8,3426941,0.08,4,Rural,4,3.2,1,Married,47,3 Months
271,32,Male,High School,9,89,0.96,67,18,6873770,0.04,1,Urban,1,4.0,1,Single,17,1 Month
272,38,Male,Diploma,1,187,0.9,41,2,7850224,0.06,4,Urban,1,1.5,1,Single,27,1 Month
273,29,Male,High School,8,138,1.09,60,4,3386354,0.05,1,Suburban,2,2.8,1,Married,22,Onboarding
274,25,Male,Bachelor,0,110,0.51,54,17,5940149,0.05,4,Rural,3,3.6,0,Single,37,Stayed
275,27,Male,Diploma,9,54,1.18,65,0,3935709,0.04,1,Urban,3,0.8,1,Married,19,1 Month
276,29,Female,Bachelor,5,171,0.87,55,7,5485178,0.03,4,Rural,2,4.1,0,Single,39,Stayed
277,41,Male,High School,8,104,1.2,58,18,6253965,0.04,1,Suburban,3,3.1,1,Single,35,Onboarding
278,24,Female,High School,0,86,1.13,48,16,5085469,0.02,2,Suburban,1,4.8,0,Single,13,Stayed
279,37,Male,High School,3,105,0.58,68,16,6665632,0.04,3,Rural,4,1.8,0,Single,14,Stayed
280,24,Male,High School,3,151,0.44,61,10,6522348,0.02,4,Urban,1,0.6,1,Single,48,1 Month
281,39,Male,High School,8,142,0.6,68,1,4346365,0.07,1,Urban,1,2.6,1,Married,31,1 Month
282,35,Female,Bachelor,4,122,0.82,65,5,4136078,0.05,2,Urban,4,0.5,1,Married,45,1 Month
283,39,Female,High School,4,108,0.54,58,13,3486598,0.1,4,Suburban,2,4.9,1,Married,2,3 Months
284,23,Female,High School,5,51,0.53,46,2,7543758,0.04,4,Suburban,1,0.3,1,Married,46,1 Month
285,43,Male,Bachelor,0,153,0.77,43,11,3533037,0.05,4,Rural,1,3.8,0,Single,39,Stayed
286,24,Male,Diploma,0,100,0.43,69,3,6831871,0.05,3,Suburban,2,2.7,1,Married,37,1 Month
287,37,Female,Bachelor,8,79,0.5,42,11,3584933,0.02,1,Suburban,1,1.9,1,Single,14,1 Month
288,30,Male,High School,2,60,0.73,63,12,3213933,0.09,1,Suburban,1,0.4,1,Married,9,3 Months
289,25,Male,Diploma,3,157,0.45,68,1,4001720,0.02,4,Urban,3,3.1,1,Single,10,3 Months
290,22,Male,High School,0,125,0.72,59,1,5147914,0.1,4,Urban,2,3.0,0,Married,7,Stayed
291,25,Female,High School,8,139,0.78,50,14,5685662,0.09,4,Rural,1,1.5,0,Married,28,Stayed
292,22,Female,Bachelor,7,172,0.76,40,16,3427709,0.06,2,Urban,1,4.6,0,Single,46,Stayed
293,35,Male,High School,1,174,1.1,45,6,3255539,0.06,4,Urban,4,1.6,0,Single,25,Stayed
294,42,Female,Diploma,7,171,0.82,65,13,4750866,0.07,3,Suburban,4,2.3,0,Single,46,Stayed
295,37,Female,Diploma,6,143,0.77,50,11,6304513,0.05,1,Urban,4,2.8,0,Single,28,Stayed
296,41,Male,Diploma,5,152,0.73,66,16,6777173,0.07,3,Rural,1,0.6,1,Married,2,1 Month
297,29,Male,Bachelor,0,80,1.05,40,13,4802272,0.02,4,Urban,1,4.7,0,Married,17,Stayed
298,28,Female,High School,6,101,1.12,60,5,7847384,0.02,2,Urban,4,1.9,1,Single,4,3 Months
299,24,Male,Diploma,9,138,1.08,46,18,7176429,0.06,4,Urban,3,0.5,0,Single,13,Stayed
300,38,Male,Bachelor,6,125,0.94,45,5,6168097,0.06,4,Suburban,3,2.0,0,Married,18,Stayed
301,22,Male,Diploma,8,178,0.51,53,17,5035030,0.09,4,Urban,3,3.0,0,Single,3,Stayed
302,37,Female,Bachelor,0,71,0.62,41,4,4950852,0.03,4,Suburban,3,2.6,0,Single,37,Stayed
303,33,Female,High School,1,89,0.44,66,5,3012120,0.09,4,Rural,2,3.5,1,Married,33,Onboarding
304,40,Female,Diploma,8,150,1.14,43,1,3624135,0.04,1,Rural,4,0.4,1,Married,41,1 Month
305,43,Male,High School,8,160,0.93,50,7,7817167,0.05,3,Urban,1,1.5,0,Single,24,Stayed
306,44,Female,Bachelor,5,178,1.0,54,14,7739052,0.05,2,Urban,4,4.1,1,Single,8,3 Months
307,43,Female,Bachelor,5,114,0.65,57,14,5053902,0.05,4,Suburban,3,0.5,1,Married,35,3 Months
308,35,Male,High School,3,198,1.08,66,10,7745920,0.03,2,Rural,1,4.3,0,Married,2,Stayed
309,27,Female,Diploma,3,128,0.61,40,0,5221186,0.06,1,Rural,2,0.6,1,Married,33,1 Month
310,27,Male,High School,4,71,0.4,42,17,6321613,0.08,3,Urban,4,4.2,1,Single,12,Onboarding
311,34,Male,Diploma,2,148,0.7,42,11,3834030,0.06,4,Suburban,1,1.9,0,Married,22,Stayed
312,40,Male,Diploma,0,57,0.86,67,11,7386152,0.06,1,Urban,1,3.1,1,Single,13,1 Month
313,43,Male,Bachelor,0,66,0.78,46,10,5351441,0.09,1,Urban,3,0.8,1,Married,10,Onboarding
314,29,Male,Diploma,6,66,1.09,40,7,5924553,0.08,3,Urban,3,0.4,0,Single,17,Stayed
315,23,Male,Diploma,0,139,0.48,64,6,5266598,0.06,4,Urban,4,1.2,1,Single,43,3 Months
316,42,Male,High School,0,190,0.84,50,1,4776238,0.04,3,Urban,2,0.7,0,Married,5,Stayed
317,22,Female,High School,2,194,0.81,45,10,3062784,0.09,3,Urban,1,1.6,0,Single,9,Stayed
318,36,Male,High School,9,130,0.63,59,9,7910662,0.07,2,Suburban,3,2.6,0,Single,13,Stayed
319,22,Male,High School,3,127,1.06,42,2,5459730,0.04,2,Urban,4,3.0,1,Married,23,Onboarding
320,26,Male,Bachelor,3,55,1.0,58,19,7438072,0.04,3,Suburban,3,4.0,1,Married,30,Onboarding
321,37,Female,Diploma,1,159,0.99,41,9,4995127,0.08,2,Urban,4,3.3,1,Married,43,3 Months
322,40,Male,Diploma,0,63,1.1,57,17,4741070,0.02,1,Urban,3,3.1,0,Single,4,Stayed
323,25,Male,High School,2,121,0.98,69,13,4508834,0.1,3,Urban,2,2.1,0,Single,21,Stayed
324,24,Female,Bachelor,3,192,0.59,51,17,4035108,0.03,4,Urban,1,2.4,1,Married,43,1 Month
325,38,Male,Bachelor,2,103,0.96,68,7,7337739,0.08,4,Suburban,3,2.1,0,Single,9,Stayed
326,38,Male,High School,7,76,0.65,49,9,3478365,0.05,1,Urban,1,4.2,1,Married,7,3 Months
327,33,Male,Bachelor,9,62,0.59,44,12,5914212,0.06,4,Suburban,4,1.2,1,Single,16,3 Months
328,35,Female,Diploma,0,109,0.46,48,7,5074242,0.09,4,Urban,2,0.1,1,Married,23,1 Month
329,42,Male,High School,1,55,1.0,41,3,6215400,0.05,3,Suburban,1,3.3,0,Single,23,Stayed
330,27,Female,Diploma,6,107,0.97,41,3,4619110,0.06,1,Suburban,3,1.1,1,Single,31,3 Months
331,24,Male,Diploma,3,98,0.59,67,4,3494209,0.02,3,Urban,1,4.5,1,Married,5,Onboarding
332,30,Female,High School,7,75,1.0,45,0,3613398,0.02,1,Urban,1,4.3,1,Single,6,3 Months
333,26,Female,Bachelor,2,96,1.13,68,16,4534230,0.04,3,Urban,4,0.5,1,Married,1,1 Month
334,38,Female,Bachelor,5,54,0.49,49,1,4763796,0.07,3,Suburban,2,0.6,1,Married,48,1 Month
335,35,Male,Diploma,8,69,0.59,57,7,7790280,0.03,2,Urban,2,2.5,1,Married,28,1 Month
336,42,Female,Diploma,0,183,1.0,51,6,3851980,0.03,4,Suburban,1,3.1,1,Married,18,Onboarding
337,24,Male,Diploma,0,108,0.62,43,14,4766299,0.05,1,Suburban,1,1.4,1,Single,24,1 Month
338,22,Male,Diploma,7,195,0.9,61,4,7467610,0.07,4,Rural,4,3.6,0,Single,13,Stayed
339,41,Male,Diploma,2,181,0.46,60,1,7020018,0.08,2,Suburban,1,3.0,1,Single,33,Onboarding
340,42,Female,High School,4,66,0.76,56,6,4662656,0.03,1,Suburban,4,1.7,0,Single,10,Stayed
341,44,Female,Diploma,0,63,0.99,54,7,7894097,0.03,2,Urban,2,0.2,1,Single,7,3 Months
342,22,Female,Bachelor,4,62,0.95,45,6,5610366,0.1,4,Rural,2,3.8,0,Single,37,Stayed
343,24,Male,Diploma,5,184,1.05,55,6,4234599,0.04,3,Suburban,4,1.2,0,Single,32,Stayed
344,39,Male,High School,7,177,1.1,56,13,7956780,0.09,2,Urban,1,4.2,1,Single,45,1 Month
345,31,Female,Bachelor,2,93,1.02,42,17,3560846,0.09,2,Rural,2,2.2,0,Single,22,Stayed
346,43,Male,High School,2,168,0.94,49,5,7323242,0.08,3,Urban,3,2.9,1,Married,16,1 Month
347,24,Male,High School,9,192,0.43,44,3,4195307,0.03,4,Rural,4,4.4,0,Single,24,Stayed
348,29,Male,High School,8,68,0.83,53,9,5871712,0.09,2,Rural,2,4.3,1,Single,14,1 Month
349,35,Male,Diploma,3,112,0.43,65,17,7117143,0.08,4,Urban,2,1.9,1,Married,11,3 Months
350,39,Male,Bachelor,3,130,1.05,68,11,5977407,0.07,3,Suburban,2,1.1,1,Single,19,1 Month
351,36,Male,Diploma,6,196,0.66,60,15,3855656,0.05,1,Urban,3,3.9,0,Married,23,Stayed
352,43,Male,High School,1,197,0.85,52,6,7660745,0.04,2,Urban,3,2.2,1,Married,34,1 Month
353,44,Male,Bachelor,7,149,0.62,65,5,6566568,0.03,4,Urban,3,1.0,1,Single,40,3 Months
354,23,Female,Bachelor,5,171,1.03,45,4,7679020,0.06,3,Suburban,1,4.5,0,Married,13,Stayed
355,31,Male,Bachelor,2,93,1.11,51,2,4792363,0.07,3,Urban,4,1.1,0,Married,39,Stayed
356,23,Male,High School,8,153,0.72,65,11,3638922,0.05,2,Urban,1,0.2,1,Single,44,Onboarding
357,38,Male,Diploma,4,110,1.09,47,14,3777867,0.06,1,Suburban,3,0.2,1,Married,28,Onboarding
358,29,Male,Bachelor,7,174,0.61,44,9,7060861,0.05,2,Urban,4,3.1,1,Single,40,Onboarding
359,22,Female,Bachelor,6,194,0.83,69,19,6066461,0.07,4,Urban,1,3.3,1,Single,16,1 Month
360,30,Female,High School,7,120,1.09,54,18,5502884,0.09,3,Urban,1,1.6,0,Single,28,Stayed
361,32,Male,High School,6,156,0.66,66,15,4702424,0.03,1,Urban,1,1.7,1,Single,4,3 Months
362,43,Male,Diploma,2,99,1.16,55,10,6301643,0.05,4,Urban,3,1.8,0,Single,28,Stayed
363,37,Female,Bachelor,1,114,0.5,40,7,7175252,0.03,2,Urban,2,3.4,1,Married,12,1 Month
364,28,Female,Diploma,6,148,0.41,55,2,4185560,0.07,3,Rural,4,0.4,1,Single,16,1 Month
365,31,Male,Diploma,2,81,1.12,44,6,4760968,0.08,2,Suburban,3,4.7,1,Single,49,Onboarding
366,44,Male,High School,2,190,0.45,42,6,3946301,0.09,1,Urban,4,1.2,1,Single,36,3 Months
367,24,Male,Diploma,1,107,1.19,59,13,7856113,0.04,1,Urban,3,5.0,1,Married,20,Onboarding
368,39,Female,Bachelor,3,177,1.16,54,1,7327101,0.1,1,Urban,1,0.9,1,Married,26,1 Month
369,34,Male,Diploma,7,191,0.51,52,9,3867838,0.03,1,Suburban,1,3.9,1,Married,26,3 Months
370,28,Female,Bachelor,0,161,0.83,63,18,4057880,0.07,1,Urban,2,1.2,1,Married,22,1 Month
371,25,Male,Bachelor,0,117,0.55,55,8,6087714,0.02,2,Urban,2,0.5,1,Married,9,Onboarding
372,34,Male,High School,4,89,0.74,62,15,7319859,0.09,1,Rural,4,4.4,1,Married,5,1 Month
373,41,Male,Diploma,4,193,0.45,50,18,6478192,0.06,1,Urban,2,4.3,1,Married,17,3 Months
374,22,Male,High School,0,181,0.58,60,17,4571853,0.07,3,Urban,2,2.1,1,Single,49,3 Months
375,29,Male,Bachelor,5,139,0.69,41,8,3468224,0.09,1,Rural,4,3.5,1,Single,34,3 Months
376,35,Male,Diploma,0,77,0.75,61,15,6130576,0.03,3,Suburban,3,2.8,0,Married,2,Stayed
377,37,Male,Diploma,4,145,1.18,66,12,6240216,0.02,3,Urban,2,4.3,1,Single,7,3 Months
378,35,Female,Bachelor,8,80,1.05,45,9,4307066,0.09,3,Suburban,3,1.6,0,Single,36,Stayed
379,33,Male,Diploma,4,52,0.99,65,19,3785890,0.05,2,Urban,1,2.7,1,Single,13,Onboarding
380,40,Male,Bachelor,5,185,0.83,65,13,7087954,0.03,2,Suburban,2,2.5,0,Married,20,Stayed
381,44,Female,Diploma,7,73,1.07,69,11,3922229,0.06,4,Urban,1,1.8,0,Single,30,Stayed
382,36,Female,High School,0,64,0.67,66,18,5838109,0.07,4,Rural,1,4.5,1,Married,30,Onboarding
383,23,Female,Diploma,1,94,0.97,45,6,5603441,0.02,3,Rural,3,0.9,0,Married,11,Stayed
384,23,Female,Bachelor,8,57,1.2,53,14,7806799,0.04,2,Rural,4,0.8,0,Married,31,Stayed
385,44,Male,Diploma,2,120,0.65,64,15,3198017,0.02,1,Rural,2,2.9,1,Married,3,3 Months
386,43,Male,Bachelor,5,157,0.94,50,7,6743757,0.05,4,Suburban,3,3.3,0,Married,2,Stayed
387,40,Female,Bachelor,4,164,1.08,47,9,5868921,0.09,2,Urban,4,1.1,1,Single,48,Onboarding
388,43,Male,High School,1,152,1.13,47,3,7865368,0.1,1,Urban,1,2.0,1,Single,3,1 Month
389,43,Male,Bachelor,6,174,0.97,40,18,6003225,0.07,1,Suburban,2,4.7,1,Single,15,3 Months
390,38,Female,High School,3,106,0.63,60,18,5329518,0.03,2,Rural,1,1.3,1,Married,17,3 Months
391,41,Male,High School,0,79,0.66,46,14,7444623,0.09,4,Urban,1,3.4,1,Married,48,1 Month
392,31,Male,High School,3,195,0.42,45,13,7228316,0.06,2,Rural,2,3.7,1,Married,7,3 Months
393,27,Male,Bachelor,5,163,1.01,60,0,3666775,0.03,4,Rural,4,2.3,0,Single,48,Stayed
394,36,Male,Diploma,6,166,0.43,47,15,6578478,0.09,3,Rural,4,4.7,0,Single,5,Stayed
395,43,Male,High School,6,109,1.09,58,9,7702034,0.08,2,Rural,2,3.7,1,Single,34,Onboarding
396,32,Male,Diploma,6,147,0.49,61,18,3454529,0.08,2,Urban,2,2.3,1,Single,33,Onboarding
397,26,Female,Diploma,2,175,0.54,60,2,5344218,0.08,4,Urban,3,2.9,1,Single,45,3 Months
398,22,Male,High School,5,143,0.78,63,4,5861129,0.04,4,Urban,3,3.5,0,Single,16,Stayed
399,29,Male,Bachelor,7,183,0.99,59,8,4111766,0.04,2,Urban,1,3.0,1,Married,37,1 Month
400,42,Female,Bachelor,3,171,0.51,47,17,6421147,0.08,1,Suburban,2,4.4,1,Single,3,Onboarding
401,33,Female,Diploma,7,157,0.75,65,10,3539203,0.04,1,Rural,4,1.8,0,Single,47,Stayed
402,33,Female,Bachelor,1,53,0.79,53,15,4311629,0.06,1,Rural,1,1.6,1,Married,48,1 Month
403,26,Female,Diploma,9,142,0.57,57,1,3900542,0.08,3,Suburban,1,1.1,1,Single,43,3 Months
404,28,Male,Bachelor,8,55,0.49,64,11,6211636,0.08,3,Urban,1,0.3,1,Single,21,3 Months
405,25,Male,Diploma,8,81,1.07,68,5,6954780,0.06,4,Urban,1,0.3,1,Single,41,Onboarding
406,27,Male,Diploma,7,155,0.8,55,10,7228416,0.08,3,Urban,4,4.4,0,Single,8,Stayed
407,34,Male,High School,9,195,0.41,48,7,5945759,0.09,1,Urban,1,3.4,1,Single,22,Onboarding
408,41,Male,Bachelor,9,64,1.04,54,11,3294768,0.07,2,Suburban,2,3.3,1,Single,5,3 Months
409,36,Male,Diploma,0,171,1.18,69,1,6352921,0.04,3,Urban,3,3.1,0,Single,17,Stayed
410,24,Female,High School,1,145,0.88,65,8,3061264,0.04,3,Urban,4,4.3,0,Single,37,Stayed
411,44,Male,High School,5,55,0.8,49,14,5459507,0.05,1,Urban,2,2.5,1,Single,14,Onboarding
412,29,Male,Diploma,9,161,1.1,68,1,7838094,0.03,3,Suburban,2,4.4,1,Married,39,1 Month
413,41,Male,Diploma,4,169,1.16,61,0,7637452,0.04,4,Urban,2,1.9,1,Single,41,3 Months
414,37,Male,Bachelor,8,172,1.0,55,9,6452097,0.04,2,Urban,3,4.6,1,Married,28,1 Month
415,34,Male,Bachelor,4,116,0.76,43,1,6351191,0.06,1,Urban,3,3.5,0,Single,31,Stayed
416,39,Female,High School,1,155,0.87,59,11,4218284,0.09,4,Rural,3,1.4,0,Single,17,Stayed
417,31,Male,Bachelor,9,188,0.96,52,7,6080202,0.03,1,Urban,2,2.9,1,Married,35,Onboarding
418,40,Male,High School,3,92,0.56,61,4,6721993,0.08,4,Suburban,3,2.7,1,Single,40,3 Months
419,38,Male,Bachelor,8,194,0.76,44,0,4948058,0.07,2,Suburban,1,0.8,1,Single,22,Onboarding
420,40,Female,Bachelor,0,145,1.06,61,14,7688827,0.03,2,Suburban,3,3.0,1,Married,45,3 Months
421,44,Male,Diploma,0,181,0.92,46,5,3622207,0.09,4,Rural,4,1.6,1,Single,48,1 Month
422,26,Male,Bachelor,6,130,0.73,62,11,7905536,0.07,4,Urban,2,0.4,1,Married,29,Onboarding
423,42,Male,Diploma,2,90,0.93,48,7,3642064,0.05,4,Urban,2,4.7,0,Married,10,Stayed
424,44,Male,Diploma,9,182,0.49,47,12,3865630,0.08,4,Urban,1,3.2,1,Single,18,3 Months
425,30,Female,Bachelor,1,84,0.72,68,18,7325001,0.04,4,Suburban,3,4.4,1,Single,35,3 Months
426,33,Female,Diploma,8,71,1.03,55,0,5946878,0.08,4,Urban,3,3.4,1,Single,44,Onboarding
427,42,Male,Diploma,2,199,0.58,45,10,4985500,0.02,2,Urban,4,1.8,0,Married,16,Stayed
428,22,Female,Diploma,1,161,0.55,67,19,5972881,0.09,4,Suburban,1,2.6,1,Married,49,1 Month
429,22,Female,Bachelor,7,60,1.16,55,0,4309989,0.06,3,Suburban,4,3.4,0,Married,7,Stayed
430,36,Female,Diploma,9,52,0.57,45,7,3168678,0.07,2,Urban,4,4.8,1,Single,30,3 Months
431,23,Female,High School,5,186,0.61,53,4,7626160,0.04,1,Suburban,2,1.3,1,Married,19,Onboarding
432,43,Male,Bachelor,5,109,1.18,60,16,7050501,0.07,2,Suburban,2,4.4,0,Single,23,Stayed
433,37,Male,Bachelor,9,125,0.99,40,7,3975924,0.08,1,Urban,3,4.6,0,Single,8,Stayed
434,29,Male,High School,6,136,0.96,64,9,3803789,0.06,1,Urban,3,3.4,1,Married,17,3 Months
435,34,Female,High School,6,63,1.08,48,1,3170923,0.07,3,Suburban,4,4.7,0,Single,21,Stayed
436,42,Male,High School,5,67,0.49,64,8,3300406,0.06,4,Suburban,3,2.0,1,Married,26,1 Month
437,22,Female,Diploma,3,162,0.96,66,2,3517961,0.09,4,Urban,4,4.8,1,Single,28,3 Months
438,37,Female,Diploma,8,122,0.8,63,17,4035598,0.06,2,Urban,3,3.5,1,Married,39,1 Month
439,28,Male,Bachelor,5,72,1.06,52,6,5511902,0.09,4,Suburban,3,0.3,1,Single,33,3 Months
440,26,Female,Diploma,3,132,0.81,65,14,6640377,0.08,3,Rural,2,4.5,0,Single,40,Stayed
441,43,Male,Diploma,2,174,0.9,68,19,3163944,0.05,2,Suburban,2,2.5,1,Single,19,1 Month
442,44,Male,Diploma,3,118,0.78,58,17,5596105,0.04,2,Urban,2,2.4,1,Single,29,1 Month
443,24,Female,Bachelor,2,96,0.78,56,2,6022345,0.05,2,Urban,2,2.9,0,Single,20,Stayed
444,33,Male,Diploma,1,165,1.01,50,13,5690543,0.09,4,Rural,1,0.8,1,Married,20,Onboarding
445,37,Female,Bachelor,4,79,0.9,67,1,5969852,0.04,4,Urban,2,2.4,1,Single,10,Onboarding
446,40,Female,Diploma,1,74,0.91,67,13,7756004,0.06,4,Rural,1,4.2,0,Single,12,Stayed
447,26,Male,High School,5,161,0.76,47,10,4358454,0.08,2,Rural,2,0.2,1,Single,33,Onboarding
448,43,Male,Diploma,2,74,0.82,62,15,6871018,0.05,2,Urban,3,1.4,1,Single,25,1 Month
449,35,Male,Diploma,5,123,1.0,68,7,4070804,0.07,1,Rural,4,0.1,1,Married,25,1 Month
450,26,Male,Diploma,9,107,1.06,44,6,5437220,0.04,1,Urban,3,2.1,1,Married,4,1 Month
451,36,Female,High School,8,143,0.96,49,10,5103627,0.03,4,Rural,3,3.7,0,Single,4,Stayed
452,38,Male,High School,0,168,1.14,46,2,6098350,0.08,2,Urban,1,4.0,0,Single,9,Stayed
453,35,Male,Bachelor,5,176,1.06,49,16,7435686,0.03,4,Urban,2,4.7,1,Married,15,1 Month
454,41,Male,High School,8,74,0.85,43,13,6577643,0.04,4,Suburban,4,3.1,0,Single,26,Stayed
455,26,Male,Bachelor,3,127,0.94,48,5,7624341,0.09,1,Suburban,4,1.3,0,Single,15,Stayed
456,33,Female,High School,1,148,1.14,66,7,5389911,0.05,3,Urban,2,4.6,1,Single,26,1 Month
457,37,Male,Diploma,3,165,0.9,65,4,4726681,0.1,4,Suburban,1,3.9,1,Single,28,3 Months
458,37,Female,Diploma,0,97,1.06,53,7,3117408,0.1,3,Urban,1,2.9,0,Single,7,Stayed
459,42,Male,Diploma,2,59,0.95,41,1,3636431,0.04,3,Urban,1,3.5,0,Single,32,Stayed
460,28,Female,Diploma,9,148,0.84,64,14,6435504,0.02,2,Urban,4,4.6,1,Married,12,3 Months
461,25,Male,High School,8,60,0.59,48,11,3799288,0.08,2,Urban,1,3.6,1,Single,35,3 Months
462,22,Male,High School,9,134,0.74,60,16,4236541,0.06,4,Urban,1,1.9,1,Single,32,1 Month
463,26,Female,Diploma,4,198,1.17,66,0,5036721,0.03,1,Urban,4,3.6,0,Single,9,Stayed
464,44,Male,Diploma,5,184,0.93,40,14,4640913,0.08,1,Urban,4,0.3,1,Single,14,Onboarding
465,31,Female,Bachelor,2,175,0.85,62,13,3317798,0.02,4,Urban,3,2.0,0,Single,13,Stayed
466,43,Male,Bachelor,4,113,1.15,49,19,4251222,0.09,4,Urban,4,2.1,0,Married,44,Stayed
467,26,Male,Bachelor,7,51,0.87,49,15,3490783,0.03,1,Rural,2,0.9,1,Single,33,1 Month
468,25,Male,Bachelor,5,125,0.82,59,8,4107177,0.03,3,Urban,4,0.2,1,Married,32,3 Months
469,23,Female,Diploma,3,170,1.01,64,0,3786796,0.03,4,Rural,4,0.8,1,Single,19,1 Month
470,41,Male,High School,1,91,0.97,61,16,7659014,0.1,3,Suburban,1,3.3,1,Married,30,3 Months
471,31,Male,Bachelor,8,103,0.55,68,12,6494585,0.08,4,Suburban,3,4.0,0,Single,16,Stayed
472,40,Male,Diploma,0,124,0.78,42,4,4992834,0.08,4,Suburban,1,4.9,1,Single,12,Onboarding
473,22,Male,Diploma,0,65,0.78,45,9,7123412,0.05,3,Rural,3,1.8,0,Married,10,Stayed
474,26,Male,High School,3,67,0.7,68,5,7915379,0.05,3,Urban,1,3.0,0,Single,2,Stayed
475,34,Female,Diploma,6,139,0.81,65,18,6919736,0.04,1,Suburban,2,4.7,0,Married,18,Stayed
476,25,Female,Diploma,0,193,0.73,45,12,7716302,0.06,4,Suburban,1,0.9,1,Single,13,3 Months
477,37,Female,Bachelor,8,55,0.56,60,0,5473055,0.06,2,Suburban,1,3.6,1,Married,29,Onboarding
478,37,Female,Diploma,3,157,0.73,41,19,4327877,0.07,2,Rural,2,3.8,1,Married,24,3 Months
479,44,Male,Diploma,2,97,0.46,65,14,7176852,0.04,4,Urban,2,0.5,1,Married,38,Onboarding
480,23,Female,Bachelor,0,91,0.86,65,13,5687328,0.1,4,Suburban,4,4.3,0,Single,12,Stayed
481,38,Male,High School,9,125,1.08,57,7,4899955,0.03,4,Suburban,1,4.1,1,Single,29,3 Months
482,41,Male,Diploma,3,126,0.98,62,9,4905888,0.1,3,Urban,2,0.3,1,Married,22,1 Month
483,33,Male,High School,8,181,0.69,41,8,7198811,0.02,2,Urban,2,0.5,1,Married,36,1 Month
484,39,Male,Bachelor,9,179,0.47,51,16,3672225,0.06,2,Suburban,4,0.3,1,Married,1,1 Month
485,24,Female,Bachelor,5,108,0.56,61,8,6510463,0.05,2,Rural,3,1.7,1,Single,43,1 Month
486,22,Male,High School,5,76,0.84,44,2,4440334,0.06,4,Urban,2,2.6,1,Married,40,3 Months
487,22,Male,Bachelor,0,128,0.57,59,10,5124365,0.07,3,Rural,2,2.7,1,Single,34,1 Month
488,40,Male,High School,9,121,0.84,46,11,6070610,0.05,4,Urban,1,1.4,1,Single,34,1 Month
489,32,Female,Bachelor,1,56,0.59,63,9,6203178,0.05,1,Urban,4,4.6,1,Single,48,3 Months
490,26,Male,Bachelor,5,160,1.08,55,16,3397693,0.08,1,Urban,1,1.9,1,Single,33,Onboarding
491,33,Male,Bachelor,1,168,0.72,59,16,6732238,0.07,2,Urban,3,0.3,1,Married,4,1 Month
492,24,Male,High School,2,112,0.6,40,10,4972613,0.09,4,Urban,4,1.6,1,Single,38,3 Months
493,22,Female,Bachelor,3,173,1.05,40,3,5615880,0.04,1,Urban,1,2.7,0,Married,30,Stayed
494,22,Male,Bachelor,4,61,0.67,56,6,6824484,0.07,1,Suburban,2,2.1,1,Single,46,3 Months
495,29,Male,Diploma,8,190,0.49,66,13,6158483,0.07,4,Suburban,2,1.4,0,Single,20,Stayed
496,31,Male,Bachelor,3,92,0.86,40,6,6335705,0.05,3,Urban,4,0.7,1,Single,26,3 Months
497,32,Male,High School,8,66,0.87,60,7,4344091,0.06,4,Urban,2,4.1,0,Single,15,Stayed
498,33,Male,Bachelor,9,112,0.97,59,0,3404470,0.05,4,Urban,1,5.0,0,Single,7,Stayed
499,34,Male,High School,2,169,0.59,52,3,7329394,0.03,3,Suburban,4,1.7,1,Married,7,Onboarding
500,33,Female,Bachelor,7,85,0.76,69,11,3791624,0.04,2,Urban,2,2.0,1,Married,29,1 Month
501,35,Male,Diploma,0,57,0.63,48,2,7918580,0.03,2,Urban,2,3.1,1,Single,23,3 Months
502,23,Male,High School,8,118,0.46,54,12,4601207,0.07,2,Rural,3,3.6,1,Single,34,Onboarding
503,40,Female,High School,8,139,1.1,42,19,4607245,0.07,3,Rural,3,2.0,0,Single,20,Stayed
504,39,Male,High School,9,85,0.98,53,5,5995035,0.1,1,Urban,4,4.5,0,Married,15,Stayed
505,24,Male,Diploma,1,77,0.64,62,10,5309305,0.08,3,Urban,3,2.8,1,Single,33,3 Months
506,44,Male,Diploma,3,167,0.88,50,3,5856188,0.02,4,Urban,1,2.3,0,Single,17,Stayed
507,38,Male,Diploma,7,142,0.56,63,19,5543628,0.09,3,Suburban,2,3.3,1,Single,20,1 Month
508,29,Female,High School,6,125,1.11,61,15,3484427,0.09,1,Suburban,2,4.8,1,Married,13,Onboarding
509,31,Male,High School,0,150,0.49,51,6,5417714,0.06,1,Urban,2,4.0,1,Single,44,1 Month
510,23,Female,Bachelor,4,193,0.4,52,10,7718740,0.07,4,Suburban,4,0.3,1,Single,24,Onboarding
511,40,Male,High School,6,63,0.8,65,0,6958905,0.1,2,Urban,4,1.7,1,Married,47,Onboarding
512,30,Male,Bachelor,3,120,0.87,52,6,7791506,0.06,1,Urban,3,2.4,1,Married,37,3 Months
513,28,Male,Bachelor,0,173,0.86,40,11,7083372,0.09,1,Urban,2,1.6,0,Married,7,Stayed
514,25,Male,Diploma,8,174,0.44,63,6,4109229,0.03,1,Urban,2,3.5,1,Single,8,Onboarding
515,42,Male,Diploma,4,86,0.65,49,6,6893623,0.04,4,Urban,2,4.1,1,Married,23,Onboarding
516,39,Female,Bachelor,1,78,0.8,42,9,7386897,0.06,1,Urban,2,3.7,1,Married,14,1 Month
517,34,Male,High School,7,192,0.57,63,15,5089884,0.07,2,Urban,2,4.9,1,Married,4,1 Month
518,32,Female,High School,1,68,1.1,67,7,7204099,0.09,4,Urban,1,1.4,1,Married,21,Onboarding
519,25,Male,High School,2,155,0.47,43,8,6380796,0.1,2,Suburban,2,4.4,1,Married,46,1 Month
520,42,Female,Bachelor,9,70,0.79,55,8,4511546,0.05,1,Urban,1,3.9,1,Single,10,Onboarding
521,25,Female,High School,0,113,0.95,47,1,7821699,0.02,1,Urban,2,1.9,1,Single,22,3 Months
522,31,Female,Diploma,1,76,0.61,55,12,4496030,0.08,2,Suburban,4,3.7,1,Married,30,3 Months
523,26,Female,Bachelor,6,104,0.9,66,12,5849090,0.07,4,Suburban,4,0.6,1,Single,30,1 Month
524,30,Female,Bachelor,9,78,1.06,56,3,6312750,0.04,4,Rural,1,4.0,0,Single,16,Stayed
525,24,Male,Diploma,1,197,0.55,58,11,3011009,0.06,2,Urban,2,2.7,1,Single,11,3 Months
526,38,Male,High School,5,74,1.13,61,16,7372472,0.08,1,Urban,4,1.5,0,Married,22,Stayed
527,24,Male,Bachelor,2,119,0.84,54,1,4723480,0.08,3,Suburban,4,3.3,0,Single,29,Stayed
528,37,Female,Diploma,3,112,0.64,55,12,6699397,0.06,2,Suburban,2,3.2,1,Married,25,Onboarding
529,25,Male,High School,7,179,0.74,54,17,4991367,0.04,2,Urban,2,1.1,0,Married,14,Stayed
530,39,Female,High School,2,199,0.65,64,14,3330328,0.1,2,Rural,4,0.2,1,Single,14,Onboarding
531,38,Male,Bachelor,9,65,0.98,41,7,7409013,0.07,1,Urban,2,2.2,1,Single,2,1 Month
532,28,Male,Diploma,5,195,1.04,50,14,5708668,0.05,4,Rural,3,2.9,0,Single,13,Stayed
533,44,Male,Bachelor,0,149,1.07,40,0,4000294,0.04,1,Rural,2,4.4,0,Single,3,Stayed
534,26,Male,Bachelor,6,79,1.19,54,19,6198454,0.08,2,Suburban,4,4.6,0,Single,30,Stayed
535,33,Male,Diploma,7,94,1.03,65,9,3946984,0.04,1,Rural,4,2.7,0,Single,18,Stayed
536,38,Male,Diploma,7,68,0.88,58,11,5285362,0.03,1,Suburban,1,3.8,1,Married,36,3 Months
537,44,Male,Diploma,2,83,0.67,43,4,5842894,0.06,2,Urban,3,2.3,1,Single,21,Onboarding
538,34,Male,Diploma,9,190,0.84,50,8,6450375,0.04,1,Urban,4,3.8,0,Married,19,Stayed
539,44,Male,Diploma,0,111,0.43,44,7,3177265,0.07,3,Urban,3,1.1,0,Single,16,Stayed
540,24,Male,Bachelor,8,167,1.0,42,15,6226585,0.03,1,Urban,2,1.9,1,Married,28,Onboarding
541,30,Female,Diploma,5,149,0.76,52,13,6528329,0.07,1,Suburban,4,3.2,0,Single,4,Stayed
542,38,Male,Bachelor,8,71,0.42,49,12,6036773,0.04,4,Urban,1,0.2,1,Married,15,Onboarding
543,38,Male,Diploma,6,160,0.45,50,12,7384432,0.02,4,Urban,4,3.6,0,Married,1,Stayed
544,41,Male,Diploma,0,122,0.71,57,4,4690792,0.03,2,Suburban,1,4.2,0,Married,48,Stayed
545,37,Male,Diploma,0,196,0.87,41,15,4631570,0.09,2,Rural,3,2.1,1,Single,47,1 Month
546,43,Male,Diploma,5,87,0.77,46,10,4975556,0.09,4,Urban,1,2.3,1,Married,16,3 Months
547,34,Male,Bachelor,4,119,0.9,48,4,6490678,0.04,3,Urban,2,4.3,0,Single,20,Stayed
548,40,Male,High School,8,165,0.78,49,12,7773598,0.08,1,Urban,2,3.9,1,Single,33,1 Month
549,38,Male,Diploma,1,128,0.93,57,10,4660102,0.07,3,Suburban,2,1.5,0,Single,17,Stayed
550,25,Male,High School,7,197,0.58,62,18,5345170,0.1,3,Urban,4,1.7,1,Single,5,1 Month
551,33,Female,Diploma,4,58,0.49,46,2,4511710,0.05,4,Suburban,2,3.4,1,Single,5,1 Month
552,30,Female,Diploma,1,81,0.88,66,14,4767091,0.07,2,Urban,2,2.9,1,Married,39,1 Month
553,40,Male,Diploma,9,181,0.79,46,6,3832230,0.03,1,Urban,4,0.9,0,Single,13,Stayed
554,33,Male,Bachelor,5,99,0.42,42,6,3816609,0.05,2,Rural,3,1.6,1,Single,44,3 Months
555,30,Male,Diploma,9,131,0.7,51,5,6635192,0.1,3,Urban,2,4.5,0,Single,36,Stayed
556,28,Male,Bachelor,7,54,0.48,46,2,7584470,0.06,3,Urban,2,3.5,1,Married,30,3 Months
557,35,Female,Diploma,3,197,0.83,56,12,7062316,0.04,2,Urban,4,4.9,0,Single,4,Stayed
558,41,Male,Diploma,1,136,0.72,65,6,6188741,0.03,2,Urban,3,3.9,1,Single,23,3 Months
559,40,Male,High School,4,175,0.89,40,4,7164133,0.08,4,Suburban,3,4.7,0,Married,21,Stayed
560,36,Male,High School,1,124,1.04,44,17,4655464,0.07,2,Urban,3,1.2,0,Single,21,Stayed
561,37,Female,Diploma,1,71,0.64,55,7,4406819,0.05,2,Urban,4,3.9,1,Single,6,Onboarding
562,42,Male,Diploma,5,117,1.17,54,16,3878835,0.1,4,Urban,1,0.2,1,Single,24,Onboarding
563,26,Male,High School,9,93,0.83,41,19,3623578,0.02,2,Suburban,1,3.4,0,Married,47,Stayed
564,24,Male,High School,8,83,0.89,48,0,6277560,0.04,3,Suburban,2,2.4,0,Married,31,Stayed
565,33,Male,High School,3,126,0.94,46,13,6169870,0.09,2,Suburban,2,1.8,1,Single,19,1 Month
566,41,Male,Bachelor,5,91,0.93,43,16,5469485,0.05,1,Suburban,2,4.3,1,Single,38,3 Months
567,42,Male,Diploma,6,186,0.81,59,9,6031946,0.04,3,Urban,1,4.3,0,Single,12,Stayed
568,25,Male,Diploma,5,155,0.74,57,11,5379093,0.06,4,Urban,4,0.2,0,Married,14,Stayed
569,42,Male,High School,7,144,0.44,60,15,7502748,0.09,3,Urban,2,3.1,1,Married,12,Onboarding
570,44,Male,Diploma,3,184,0.42,43,13,5760451,0.03,4,Urban,4,1.9,0,Single,15,Stayed
571,37,Male,High School,0,117,0.69,67,15,7798064,0.1,1,Urban,2,2.1,1,Single,19,1 Month
572,28,Male,High School,6,196,0.67,52,7,3697389,0.08,1,Suburban,4,4.2,1,Married,28,Onboarding
573,34,Male,Diploma,2,177,0.71,40,9,7455978,0.03,3,Suburban,4,1.6,1,Married,40,Onboarding
574,42,Female,High School,5,134,0.51,67,16,6766176,0.08,2,Rural,1,4.7,1,Married,41,Onboarding
575,31,Male,High School,1,132,0.99,63,17,7241244,0.05,3,Urban,4,1.0,1,Married,5,Onboarding
576,28,Male,High School,8,144,1.09,42,19,7173414,0.05,3,Suburban,3,3.3,0,Married,5,Stayed
577,35,Male,High School,0,81,1.15,55,15,7927611,0.08,1,Rural,1,3.4,0,Single,6,Stayed
578,26,Male,High School,5,115,0.79,69,16,6904840,0.1,4,Suburban,2,1.3,1,Single,23,1 Month
579,24,Female,Diploma,5,165,0.96,61,15,6820730,0.03,3,Urban,1,1.7,1,Single,3,1 Month
580,44,Male,Bachelor,4,187,1.08,43,18,5849310,0.05,2,Urban,3,4.2,1,Married,37,1 Month
581,32,Female,Diploma,4,179,0.73,64,7,5848411,0.06,1,Urban,3,3.8,0,Single,33,Stayed
582,32,Male,Diploma,0,109,0.65,62,5,6344443,0.05,3,Urban,4,1.7,1,Single,43,1 Month
583,39,Male,High School,9,66,1.15,64,5,4056504,0.05,3,Suburban,3,2.7,0,Single,21,Stayed
584,36,Female,Bachelor,4,145,0.81,55,8,5444149,0.02,2,Urban,3,0.4,0,Single,20,Stayed
585,33,Female,Diploma,1,193,0.8,65,3,5214669,0.07,3,Urban,3,1.1,0,Married,1,Stayed
586,30,Female,High School,6,65,0.54,58,11,4954702,0.05,3,Suburban,3,2.5,0,Single,39,Stayed
587,31,Female,Diploma,2,95,0.49,40,11,7589079,0.04,3,Suburban,2,0.5,1,Single,47,1 Month
588,33,Male,High School,3,156,1.07,44,16,4099469,0.09,3,Urban,2,4.2,0,Married,17,Stayed
589,38,Female,Diploma,2,137,0.89,58,14,7144111,0.08,2,Suburban,1,3.6,1,Single,29,1 Month
590,27,Male,Diploma,2,178,0.66,61,8,5660038,0.06,3,Urban,4,4.7,1,Married,8,1 Month
591,28,Female,Bachelor,3,188,0.55,63,6,4187171,0.04,3,Urban,2,3.5,1,Married,26,3 Months
592,35,Male,Diploma,4,168,0.84,50,9,5933361,0.07,3,Urban,3,4.7,0,Married,28,Stayed
593,34,Female,Bachelor,0,134,0.87,52,15,3421655,0.04,1,Suburban,4,2.8,0,Married,34,Stayed
594,29,Male,Bachelor,3,53,0.57,59,11,3799717,0.04,2,Rural,2,3.0,1,Single,26,3 Months
595,31,Male,High School,7,120,1.08,44,6,5482266,0.08,1,Urban,1,4.9,0,Single,13,Stayed
596,30,Male,High School,9,160,0.47,60,17,3921806,0.02,1,Suburban,3,3.2,1,Single,44,Onboarding
597,39,Female,Diploma,6,99,0.68,43,14,6407129,0.03,2,Urban,4,0.3,1,Single,37,1 Month
598,23,Male,Diploma,8,189,0.94,43,5,7965440,0.02,1,Suburban,2,3.6,0,Single,13,Stayed
599,26,Male,Diploma,4,144,0.62,43,11,3791043,0.03,1,Urban,4,4.5,1,Single,38,Onboarding
600,26,Male,Bachelor,9,141,1.06,43,10,6301112,0.03,1,Urban,2,4.0,1,Married,25,Onboarding
601,27,Male,Bachelor,3,114,0.99,59,19,4193728,0.1,2,Rural,1,3.0,0,Single,47,Stayed
602,40,Female,Diploma,7,96,1.03,60,2,4504329,0.04,3,Suburban,3,3.4,0,Single,23,Stayed
603,29,Male,Diploma,8,155,0.5,57,1,4777850,0.03,4,Urban,1,5.0,1,Single,22,3 Months
604,37,Female,Bachelor,6,179,0.51,57,5,3535888,0.04,4,Urban,3,0.5,1,Single,21,Onboarding
605,34,Male,Bachelor,6,155,0.63,55,4,6918446,0.09,2,Urban,3,3.4,1,Married,30,3 Months
606,22,Male,Bachelor,4,73,0.81,48,17,5568921,0.06,4,Urban,4,1.5,0,Single,11,Stayed
607,43,Female,High School,3,53,1.0,57,15,7934164,0.05,2,Rural,2,3.2,1,Married,4,3 Months
608,41,Male,Diploma,9,157,1.07,61,7,7812940,0.09,2,Rural,1,3.1,1,Single,33,3 Months
609,38,Male,High School,0,68,0.96,41,19,5202888,0.05,4,Urban,1,0.9,0,Single,47,Stayed
610,28,Male,High School,9,89,1.14,60,10,4859722,0.05,1,Urban,1,1.1,1,Single,12,Onboarding
611,34,Female,High School,9,99,0.99,43,9,7124741,0.04,3,Rural,4,3.1,0,Married,9,Stayed
612,25,Male,Diploma,6,124,0.65,51,11,5552192,0.05,4,Urban,4,0.7,1,Single,32,1 Month
613,25,Female,Diploma,0,61,0.61,46,5,3135797,0.05,4,Suburban,4,1.4,0,Single,11,Stayed
614,27,Female,High School,0,76,0.96,54,19,5533573,0.07,4,Urban,3,4.2,0,Single,37,Stayed
615,40,Male,Diploma,4,162,0.55,46,4,4724620,0.04,4,Suburban,1,1.7,1,Married,24,1 Month
616,33,Male,Diploma,8,98,0.47,68,8,5582229,0.07,2,Suburban,3,2.5,1,Married,7,1 Month
617,43,Male,Diploma,5,193,0.83,61,15,6112734,0.03,2,Rural,1,4.7,1,Single,8,Onboarding
618,28,Male,High School,2,179,1.06,65,13,7830165,0.04,3,Suburban,1,1.2,1,Single,33,Onboarding
619,31,Male,Diploma,2,109,0.48,60,7,3358062,0.05,3,Urban,2,2.0,1,Married,25,1 Month
620,40,Male,Bachelor,6,79,1.03,56,19,5955251,0.09,4,Suburban,1,3.1,0,Married,1,Stayed
621,28,Male,High School,5,133,1.05,55,18,5077645,0.05,4,Rural,4,3.8,0,Married,3,Stayed
622,24,Female,High School,8,77,0.79,67,13,4401471,0.07,4,Urban,4,4.5,1,Married,40,1 Month
623,34,Female,Diploma,5,74,0.45,58,6,7779897,0.04,3,Urban,4,4.6,1,Married,28,3 Months
624,34,Female,Bachelor,4,145,0.54,48,4,4716548,0.03,4,Urban,2,3.9,1,Single,43,1 Month
625,39,Male,Diploma,9,174,0.97,53,17,7952505,0.02,1,Urban,2,1.2,1,Married,33,3 Months
626,41,Male,Diploma,6,59,0.97,56,1,7404003,0.04,3,Urban,3,0.2,1,Married,46,Onboarding
627,29,Male,Diploma,0,91,1.12,44,10,4018143,0.03,1,Suburban,1,2.0,1,Single,1,3 Months
628,30,Female,Diploma,6,89,0.87,41,7,7100321,0.03,4,Urban,1,0.8,0,Single,38,Stayed
629,28,Male,High School,2,126,0.5,59,0,7158527,0.08,2,Rural,4,3.6,1,Married,27,Onboarding
630,22,Female,Diploma,8,154,0.5,55,11,4887145,0.02,1,Urban,4,3.3,0,Single,38,Stayed
631,24,Male,Bachelor,5,167,0.98,53,1,5097711,0.06,3,Urban,4,0.3,1,Married,35,3 Months
632,34,Male,Diploma,8,91,0.55,53,17,3037361,0.05,1,Urban,4,4.2,1,Single,10,Onboarding
633,38,Female,Bachelor,4,96,0.66,66,6,5898845,0.06,3,Urban,4,1.3,0,Single,12,Stayed
634,22,Male,Bachelor,6,71,0.79,40,16,6463227,0.07,4,Urban,4,2.2,0,Single,10,Stayed
635,27,Female,High School,3,156,0.42,42,13,5457856,0.05,1,Urban,1,3.4,1,Single,34,1 Month
636,42,Female,Bachelor,6,76,0.6,65,6,4761856,0.04,2,Urban,2,2.2,1,Single,24,3 Months
637,27,Male,High School,0,90,0.73,46,2,5341102,0.08,1,Suburban,4,2.3,0,Single,28,Stayed
638,33,Male,Diploma,6,129,0.62,65,5,6571488,0.09,2,Suburban,1,0.4,1,Married,22,1 Month
639,34,Male,High School,7,138,0.51,54,19,3000037,0.04,3,Urban,4,2.1,1,Married,45,3 Months
640,34,Female,High School,4,115,0.98,58,1,6617177,0.03,4,Suburban,3,3.8,0,Single,16,Stayed
641,36,Male,Diploma,1,61,1.05,59,16,7497868,0.09,4,Suburban,3,4.6,0,Single,13,Stayed
642,42,Male,High School,4,122,0.61,41,11,3621531,0.05,2,Urban,1,2.1,1,Single,36,1 Month
643,37,Male,Diploma,5,125,1.02,58,11,3653668,0.06,3,Rural,2,2.2,1,Single,36,Onboarding
644,43,Female,Diploma,1,139,0.71,48,16,6404158,0.05,4,Rural,3,3.5,0,Single,43,Stayed
645,42,Male,High School,5,59,0.81,58,9,5656040,0.03,3,Urban,3,4.7,0,Single,23,Stayed
646,32,Female,High School,5,145,1.08,66,2,3703645,0.07,2,Urban,2,1.4,1,Single,14,Onboarding
647,26,Female,Diploma,0,69,1.0,44,19,7911672,0.06,2,Urban,3,2.3,0,Single,32,Stayed
648,25,Male,Diploma,0,88,1.04,57,17,4305927,0.04,1,Urban,4,4.0,0,Single,3,Stayed
649,24,Male,Bachelor,9,109,0.51,55,12,5621872,0.06,4,Suburban,2,3.1,1,Married,27,1 Month
650,40,Female,Diploma,2,115,0.46,43,11,7980142,0.08,4,Urban,3,0.6,0,Single,19,Stayed
651,41,Male,Bachelor,9,114,1.11,51,16,3593975,0.07,1,Suburban,2,3.2,0,Married,22,Stayed
652,39,Female,Diploma,9,173,0.71,68,3,5865728,0.03,2,Suburban,4,1.0,1,Married,1,1 Month
653,36,Male,Diploma,2,179,0.63,46,9,6983063,0.06,2,Suburban,3,2.6,1,Married,5,3 Months
654,30,Male,Diploma,3,106,0.98,53,10,5282373,0.08,2,Suburban,1,2.7,1,Married,49,Onboarding
655,38,Female,High School,1,127,1.07,62,5,5840152,0.08,2,Urban,3,4.4,1,Single,33,1 Month
656,35,Male,Diploma,8,78,1.09,51,5,5550552,0.07,3,Urban,3,2.4,0,Single,19,Stayed
657,36,Male,Bachelor,9,64,0.65,42,8,3852224,0.03,4,Suburban,4,1.5,1,Single,36,3 Months
658,22,Male,Diploma,6,61,1.08,44,14,5392735,0.08,4,Urban,1,1.2,1,Married,6,Onboarding
659,42,Male,Bachelor,6,150,0.43,56,1,4361968,0.07,2,Urban,1,4.4,1,Married,15,Onboarding
660,43,Male,Bachelor,5,133,0.44,65,3,6622546,0.02,2,Rural,1,0.9,1,Married,36,Onboarding
661,43,Male,Bachelor,2,174,0.9,49,4,7895035,0.05,2,Suburban,4,2.2,0,Single,33,Stayed
662,24,Female,Bachelor,5,152,0.45,49,16,6606940,0.05,4,Urban,4,1.0,0,Married,24,Stayed
663,37,Male,Diploma,7,73,0.66,50,7,6068929,0.07,4,Suburban,4,3.9,1,Single,27,1 Month
664,44,Male,Diploma,7,198,0.94,56,7,6600200,0.04,2,Suburban,4,2.4,0,Single,49,Stayed
665,32,Male,Diploma,8,187,0.67,44,11,3559031,0.07,3,Urban,4,1.8,0,Married,11,Stayed
666,33,Female,Diploma,0,159,0.54,52,7,5701243,0.09,1,Urban,1,1.9,1,Single,49,1 Month
667,31,Male,Diploma,0,127,0.63,49,18,5119228,0.08,1,Rural,2,4.3,1,Married,23,1 Month
668,37,Female,Bachelor,2,150,0.77,48,2,7435728,0.09,1,Urban,4,2.8,0,Single,33,Stayed
669,29,Male,Diploma,2,195,0.78,56,17,3206384,0.1,4,Urban,2,3.6,1,Married,41,1 Month
670,27,Male,Diploma,9,191,1.03,40,18,6527089,0.02,4,Urban,3,4.5,1,Single,46,1 Month
671,33,Male,High School,7,177,1.0,43,18,7135554,0.07,1,Suburban,3,4.5,0,Married,47,Stayed
672,42,Male,Diploma,9,107,0.77,43,14,7339242,0.05,1,Urban,4,1.7,1,Married,29,Onboarding
673,29,Male,High School,0,125,1.08,57,5,5988088,0.09,3,Urban,3,4.8,0,Married,31,Stayed
674,25,Male,Bachelor,1,199,0.49,48,15,3979907,0.04,4,Urban,2,0.2,1,Single,1,Onboarding
675,29,Female,Diploma,1,85,0.6,69,7,3213968,0.1,4,Rural,3,1.9,1,Married,34,1 Month
676,39,Male,High School,2,71,1.06,64,15,7582692,0.07,1,Urban,3,4.5,1,Single,18,Onboarding
677,26,Male,High School,5,176,0.7,68,17,3294957,0.08,3,Suburban,2,1.4,0,Single,18,Stayed
678,30,Male,Diploma,0,129,1.18,68,19,4901737,0.03,3,Rural,3,1.4,0,Single,6,Stayed
679,25,Female,Diploma,1,149,0.77,57,15,7985248,0.03,1,Urban,4,1.6,1,Married,40,1 Month
680,43,Male,Diploma,0,145,1.03,53,10,5347855,0.08,1,Rural,2,3.1,0,Single,1,Stayed
681,38,Male,High School,4,197,0.72,64,6,4464458,0.02,4,Rural,2,2.2,1,Married,47,3 Months
682,30,Male,Diploma,6,67,0.74,54,16,5302743,0.09,1,Rural,1,3.7,1,Married,42,1 Month
683,22,Female,Diploma,7,87,0.71,45,16,7588156,0.02,2,Urban,1,4.5,1,Single,30,3 Months
684,42,Male,Diploma,9,158,0.98,63,11,3985461,0.07,3,Suburban,2,3.4,0,Married,4,Stayed
685,41,Male,Diploma,0,172,0.84,49,12,5621021,0.05,1,Suburban,2,1.1,1,Single,32,3 Months
686,34,Female,Diploma,6,193,1.16,68,9,6355361,0.07,2,Rural,1,4.7,1,Married,10,3 Months
687,37,Female,High School,4,198,0.6,54,6,4806423,0.08,3,Urban,4,1.4,1,Single,43,3 Months
688,34,Male,Bachelor,9,153,0.48,68,13,4950408,0.05,2,Suburban,3,0.8,1,Single,5,Onboarding
689,35,Female,Diploma,0,189,0.71,43,0,3627915,0.03,2,Urban,3,0.5,0,Single,9,Stayed
690,24,Male,Diploma,2,193,0.89,57,16,6594128,0.03,1,Urban,3,2.9,0,Single,5,Stayed
691,27,Male,High School,6,130,1.09,57,3,4176957,0.07,3,Urban,2,0.7,1,Single,11,1 Month
692,39,Male,Diploma,9,136,0.68,64,4,4406427,0.06,2,Suburban,4,0.8,1,Single,35,3 Months
693,40,Male,High School,0,191,0.92,56,19,6489550,0.08,4,Urban,1,1.6,0,Single,27,Stayed
694,26,Male,Diploma,6,110,0.68,51,6,6895090,0.06,3,Suburban,4,1.5,0,Single,4,Stayed
695,36,Female,Bachelor,4,95,0.89,46,9,4845786,0.05,4,Rural,4,3.1,0,Single,10,Stayed
696,23,Male,Diploma,0,81,1.11,55,16,5765013,0.05,1,Urban,3,4.1,1,Married,39,1 Month
697,31,Male,High School,0,64,0.59,50,6,3036382,0.02,4,Suburban,1,3.8,0,Single,33,Stayed
698,39,Male,High School,0,93,0.72,53,0,3862219,0.05,3,Urban,4,1.4,1,Married,38,3 Months
699,34,Female,Diploma,8,194,1.19,42,6,4718303,0.1,2,Urban,1,1.3,0,Married,8,Stayed
700,26,Male,High School,2,103,1.09,58,10,7052127,0.09,2,Suburban,2,4.8,1,Married,49,1 Month
701,44,Male,High School,4,93,0.85,57,8,4274856,0.05,3,Rural,3,0.1,1,Married,24,Onboarding
702,22,Male,Bachelor,9,147,0.81,69,11,6801082,0.07,2,Suburban,1,4.4,1,Single,39,1 Month
703,43,Male,Diploma,8,54,0.63,49,2,6346668,0.09,4,Suburban,2,1.1,1,Married,33,3 Months
704,22,Female,High School,5,158,0.81,45,3,6929268,0.06,2,Urban,2,4.7,1,Single,41,3 Months
705,39,Female,Bachelor,8,76,1.08,52,3,5707260,0.02,2,Urban,2,1.8,1,Married,43,1 Month
706,36,Male,High School,7,165,0.95,49,12,6205677,0.03,4,Suburban,4,2.3,0,Married,19,Stayed
707,38,Female,Bachelor,7,136,0.63,57,18,5506068,0.06,4,Urban,4,3.6,1,Single,2,Onboarding
708,32,Male,Diploma,0,153,0.56,65,9,4635407,0.1,4,Urban,3,3.0,1,Married,11,1 Month
709,42,Female,Bachelor,8,172,0.61,59,4,7092550,0.08,1,Suburban,3,1.7,1,Single,35,Onboarding
710,43,Male,Diploma,5,128,0.54,65,6,3483075,0.03,4,Urban,2,2.8,1,Single,17,1 Month
711,38,Male,Bachelor,8,92,0.48,55,15,6959770,0.04,4,Urban,3,3.7,0,Single,42,Stayed
712,34,Male,Bachelor,2,146,0.74,64,0,4777310,0.08,1,Suburban,4,0.3,1,Married,3,1 Month
713,22,Male,High School,2,80,0.49,64,11,3327370,0.09,2,Suburban,3,0.2,1,Married,22,Onboarding
714,23,Male,Bachelor,5,148,0.54,45,1,5928751,0.07,4,Rural,1,2.3,1,Married,35,3 Months
715,30,Male,Diploma,8,66,0.84,52,6,5164533,0.07,3,Suburban,4,0.7,1,Single,21,3 Months
716,24,Male,Diploma,6,132,0.53,43,10,3833142,0.02,4,Urban,2,3.4,1,Single,25,1 Month
717,22,Female,Diploma,2,159,0.45,62,12,7473214,0.09,4,Rural,2,1.1,1,Married,39,Onboarding
718,42,Male,Diploma,2,81,0.65,53,1,7296720,0.08,1,Suburban,3,2.2,0,Single,2,Stayed
719,37,Male,High School,1,190,0.58,40,6,6682796,0.04,3,Urban,4,1.1,0,Married,1,Stayed
720,44,Female,Diploma,8,84,0.81,67,14,3842653,0.08,2,Urban,2,2.8,1,Single,7,1 Month
721,27,Male,Diploma,2,182,0.48,59,10,4836517,0.04,2,Suburban,2,0.7,1,Single,20,3 Months
722,38,Male,Bachelor,4,78,1.0,44,1,3351637,0.02,3,Suburban,4,0.2,1,Single,43,1 Month
723,26,Male,Bachelor,8,119,1.12,47,6,3177946,0.04,4,Suburban,4,0.4,1,Married,6,1 Month
724,26,Female,Diploma,7,144,0.99,51,3,3864899,0.03,1,Suburban,2,4.8,1,Single,36,1 Month
725,27,Male,Diploma,1,71,0.83,41,10,3263503,0.05,3,Suburban,3,0.8,0,Single,21,Stayed
726,24,Male,High School,2,118,1.09,51,1,5318292,0.05,3,Rural,3,3.6,1,Single,46,3 Months
727,42,Female,High School,1,138,0.96,44,15,5026393,0.06,2,Suburban,3,0.4,1,Single,35,1 Month
728,44,Female,High School,7,121,0.41,61,6,6002083,0.06,1,Urban,1,0.6,1,Single,36,1 Month
729,26,Male,Diploma,5,178,0.72,44,12,7526226,0.04,3,Rural,4,2.6,0,Single,8,Stayed
730,42,Male,High School,5,136,1.08,52,4,5379897,0.02,1,Urban,2,2.4,0,Married,4,Stayed
731,26,Male,Bachelor,8,145,0.68,48,16,4294416,0.07,4,Suburban,1,4.8,1,Single,43,1 Month
732,31,Female,Diploma,7,124,0.43,49,11,4985196,0.05,2,Rural,3,4.7,1,Married,16,1 Month
733,31,Male,Diploma,3,103,1.0,40,18,6918198,0.04,4,Suburban,1,3.9,1,Married,3,Onboarding
734,40,Male,Diploma,3,137,1.04,69,6,4560121,0.09,1,Suburban,2,3.1,1,Single,7,Onboarding
735,38,Female,High School,8,103,0.53,42,5,3443035,0.08,4,Urban,2,2.3,1,Single,2,1 Month
736,42,Male,Diploma,0,65,0.83,69,7,6099072,0.09,2,Urban,4,1.8,0,Married,1,Stayed
737,35,Male,Diploma,1,148,0.55,57,12,5035115,0.06,1,Urban,3,4.7,1,Single,1,1 Month
738,30,Male,Diploma,1,69,0.98,51,4,3689317,0.03,3,Suburban,3,3.1,0,Single,38,Stayed
739,35,Male,Diploma,5,95,0.62,68,1,7552636,0.08,4,Suburban,1,2.9,1,Single,7,1 Month
740,22,Male,Bachelor,3,176,0.65,42,8,3751240,0.04,2,Suburban,3,1.2,1,Married,24,1 Month
741,40,Male,Bachelor,9,107,1.08,65,10,7315596,0.06,3,Urban,1,0.3,1,Single,5,1 Month
742,34,Male,Diploma,2,160,0.78,64,5,7284874,0.03,2,Urban,2,4.7,1,Married,21,1 Month
743,34,Male,Diploma,2,178,0.94,68,6,3995791,0.09,1,Suburban,2,1.6,1,Married,28,Onboarding
744,25,Female,Diploma,2,130,0.72,69,6,5220943,0.03,1,Urban,2,2.3,1,Single,18,1 Month
745,22,Male,High School,5,133,0.64,48,18,6062138,0.09,4,Suburban,2,0.7,0,Single,24,Stayed
746,38,Female,Diploma,7,119,0.9,65,5,4541121,0.09,2,Suburban,2,4.2,1,Single,32,1 Month
747,29,Male,High School,6,57,0.52,41,10,4960299,0.06,2,Suburban,1,0.2,1,Single,45,3 Months
748,23,Female,Diploma,3,78,0.7,69,10,5853501,0.08,2,Urban,2,4.2,1,Single,33,Onboarding
749,29,Female,Diploma,3,161,0.57,42,6,5827433,0.07,1,Rural,1,0.8,1,Single,10,1 Month
750,28,Male,High School,9,180,0.96,53,1,5459622,0.08,4,Urban,2,4.4,0,Single,9,Stayed
751,23,Female,Bachelor,1,157,1.16,43,18,4897459,0.05,2,Rural,1,3.7,1,Single,49,3 Months
752,43,Female,Bachelor,0,158,1.2,64,3,7240012,0.08,2,Urban,1,0.9,1,Single,33,1 Month
753,43,Male,Bachelor,8,69,0.76,58,5,6949842,0.06,3,Urban,1,2.9,0,Married,33,Stayed
754,24,Male,Diploma,1,122,0.6,52,16,4215442,0.1,2,Rural,3,1.6,0,Single,7,Stayed
755,39,Male,Bachelor,7,53,0.75,46,4,7117095,0.06,4,Urban,1,1.0,0,Married,4,Stayed
756,33,Female,High School,8,68,1.08,51,6,5580309,0.06,3,Suburban,1,4.3,1,Single,28,1 Month
757,22,Female,Bachelor,3,151,0.56,42,8,6315537,0.08,3,Rural,2,2.1,1,Single,23,1 Month
758,43,Female,High School,7,190,1.16,62,0,5591318,0.09,3,Rural,1,2.1,0,Single,32,Stayed
759,33,Male,Bachelor,8,190,0.67,62,0,7247328,0.06,1,Rural,1,0.9,1,Single,44,Onboarding
760,26,Female,High School,9,135,1.19,48,18,4451469,0.03,3,Urban,4,2.0,0,Single,16,Stayed
761,38,Male,Bachelor,9,101,1.07,41,5,6300874,0.06,2,Suburban,3,4.4,1,Married,46,1 Month
762,37,Male,Bachelor,4,160,1.05,68,17,7736416,0.1,1,Urban,4,1.9,1,Married,10,1 Month
763,36,Male,High School,6,158,0.65,61,9,7063997,0.08,1,Urban,2,4.8,1,Single,14,1 Month
764,44,Male,Diploma,9,135,0.41,48,10,7712838,0.08,1,Rural,3,4.7,0,Single,39,Stayed
765,36,Male,Bachelor,3,92,0.71,51,0,3048926,0.02,1,Urban,3,0.8,1,Single,36,Onboarding
766,26,Male,Diploma,0,91,0.64,51,0,6751387,0.06,1,Suburban,4,1.0,1,Single,34,1 Month
767,42,Male,Bachelor,2,139,0.43,54,12,5779060,0.07,1,Suburban,3,4.3,1,Single,24,1 Month
768,35,Male,Diploma,4,164,0.8,41,4,7557418,0.09,1,Suburban,4,2.0,0,Single,18,Stayed
769,23,Male,Diploma,2,75,0.72,57,19,3483791,0.02,3,Rural,1,0.1,0,Single,16,Stayed
770,32,Male,High School,6,92,0.91,52,0,4670930,0.09,4,Urban,4,1.4,0,Single,41,Stayed
771,40,Male,High School,8,126,0.9,53,19,5158714,0.06,2,Suburban,3,3.0,0,Single,37,Stayed
772,28,Male,Bachelor,5,186,0.5,44,2,6448281,0.04,2,Rural,3,4.0,1,Single,41,Onboarding
773,27,Male,Diploma,9,69,1.18,65,17,5050181,0.05,3,Urban,2,0.8,0,Single,25,Stayed
774,23,Male,Diploma,0,88,0.55,49,8,3796266,0.04,3,Urban,2,0.6,1,Married,8,Onboarding
775,27,Male,Diploma,6,61,0.76,51,13,5622280,0.06,1,Suburban,2,4.6,1,Single,24,3 Months
776,39,Male,Diploma,2,60,0.79,49,16,7929073,0.02,4,Urban,2,3.8,1,Married,20,3 Months
777,23,Male,Bachelor,4,91,1.05,63,13,7225872,0.03,1,Urban,3,3.0,1,Married,48,Onboarding
778,39,Male,Bachelor,9,60,0.48,50,3,7991582,0.09,3,Rural,2,3.9,1,Married,30,Onboarding
779,36,Female,Diploma,3,87,0.74,64,4,3661259,0.03,1,Suburban,4,2.2,1,Married,20,1 Month
780,40,Male,Bachelor,9,147,0.9,41,16,3610326,0.04,2,Rural,1,3.8,0,Married,18,Stayed
781,23,Male,Bachelor,4,68,0.57,44,1,4245749,0.06,2,Rural,3,1.9,1,Married,4,1 Month
782,41,Male,Diploma,4,183,0.9,69,4,3956277,0.06,1,Suburban,2,1.3,1,Single,48,1 Month
783,27,Male,Bachelor,5,165,1.14,46,3,5226941,0.08,4,Urban,3,3.7,0,Single,36,Stayed
784,22,Male,High School,9,162,1.2,45,3,4418180,0.06,1,Urban,2,2.2,1,Married,6,Onboarding
785,36,Male,High School,9,114,0.43,61,5,7696298,0.08,1,Urban,3,4.9,1,Married,3,3 Months
786,44,Male,Bachelor,5,148,0.59,62,19,3074723,0.07,4,Rural,2,1.8,1,Married,18,3 Months
787,31,Male,Diploma,7,121,0.65,42,12,6018967,0.03,4,Urban,1,4.6,1,Married,47,1 Month
788,40,Male,Bachelor,7,101,0.72,52,4,6726904,0.03,4,Urban,2,4.7,0,Married,40,Stayed
789,38,Female,Bachelor,8,167,0.59,42,6,4533017,0.05,2,Suburban,4,1.3,1,Married,18,Onboarding
790,26,Female,High School,7,169,0.56,65,19,3792515,0.05,1,Urban,3,4.0,1,Married,23,Onboarding
791,25,Female,Bachelor,1,56,1.16,64,0,4393196,0.08,3,Urban,3,2.2,1,Single,35,1 Month
792,31,Female,Diploma,9,60,1.13,69,13,4035211,0.07,4,Suburban,4,4.6,0,Married,6,Stayed
793,38,Male,Diploma,0,152,0.44,63,3,5189568,0.05,4,Urban,4,2.3,1,Married,26,1 Month
794,31,Male,Diploma,9,110,0.67,60,16,6934740,0.03,1,Urban,1,3.7,1,Married,21,3 Months
795,38,Male,Bachelor,1,117,0.72,45,13,3647122,0.04,3,Urban,3,2.4,0,Married,24,Stayed
796,41,Male,High School,1,189,0.59,50,15,6782164,0.07,1,Suburban,1,1.2,1,Single,15,1 Month
797,26,Female,Diploma,2,151,0.9,67,13,4761331,0.05,1,Suburban,3,1.1,1,Single,27,3 Months
798,23,Male,Diploma,9,159,0.91,65,15,4877329,0.06,4,Urban,3,2.2,1,Married,32,Onboarding
799,27,Female,Bachelor,6,189,1.08,56,19,5892970,0.03,4,Suburban,1,3.8,0,Single,12,Stayed
800,42,Male,Diploma,1,100,0.99,49,7,3315315,0.07,2,Urban,3,3.1,1,Single,5,3 Months
801,23,Female,High School,0,166,0.83,51,2,3150594,0.09,3,Rural,3,3.5,0,Single,7,Stayed
802,34,Male,High School,5,95,0.92,56,18,3720892,0.04,3,Urban,1,1.5,1,Married,22,1 Month
803,32,Male,Diploma,8,102,0.62,43,0,7063903,0.06,4,Suburban,2,2.5,1,Married,27,1 Month
804,32,Male,Bachelor,2,137,0.87,41,1,7379455,0.1,4,Rural,1,0.3,0,Married,15,Stayed
805,37,Male,High School,5,170,0.79,50,14,6959015,0.05,4,Rural,3,4.1,0,Married,39,Stayed
806,32,Male,High School,2,62,0.51,46,9,5132942,0.07,3,Urban,4,5.0,0,Single,45,Stayed
807,40,Male,Bachelor,0,138,0.59,41,17,5672452,0.03,2,Urban,2,2.1,1,Single,35,Onboarding
808,36,Female,High School,4,174,0.63,65,13,5214979,0.07,3,Suburban,4,0.2,1,Single,26,Onboarding
809,44,Male,Bachelor,9,167,1.14,57,16,6405851,0.03,4,Urban,2,0.9,1,Married,23,1 Month
810,44,Male,Diploma,3,103,0.58,60,12,3196211,0.1,4,Rural,4,3.3,1,Single,13,Onboarding
811,37,Male,Bachelor,6,165,0.63,43,0,4836082,0.08,2,Suburban,2,3.1,1,Married,26,3 Months
812,32,Female,High School,5,167,0.7,47,4,5237699,0.08,1,Suburban,1,4.0,0,Single,3,Stayed
813,43,Male,High School,9,53,0.93,59,12,7340496,0.08,1,Urban,2,1.3,1,Single,29,Onboarding
814,37,Male,Bachelor,6,124,0.49,53,13,7458434,0.07,3,Suburban,2,3.8,1,Married,2,1 Month
815,29,Male,Bachelor,4,98,1.16,51,2,4813065,0.06,1,Suburban,2,3.5,1,Single,28,1 Month
816,25,Male,Bachelor,3,56,1.09,61,14,7957161,0.09,1,Rural,3,1.7,1,Married,23,Onboarding
817,29,Male,High School,6,159,0.86,60,18,7587281,0.1,3,Urban,4,2.8,0,Single,36,Stayed
818,25,Male,Bachelor,6,171,0.94,66,16,7802850,0.06,4,Urban,1,0.8,1,Single,49,3 Months
819,24,Male,Bachelor,5,60,0.41,69,2,3377332,0.09,1,Urban,4,2.3,1,Single,6,1 Month
820,24,Female,Diploma,7,141,0.67,57,15,3084153,0.07,4,Urban,4,4.4,0,Single,11,Stayed
821,39,Male,Bachelor,3,72,1.04,50,13,7978234,0.06,3,Suburban,1,2.2,0,Married,38,Stayed
822,40,Male,Bachelor,9,77,0.46,68,11,7952576,0.06,4,Rural,3,4.2,1,Single,34,Onboarding
823,40,Male,Diploma,4,160,0.63,67,11,4126018,0.04,4,Urban,2,3.0,0,Single,17,Stayed
824,42,Female,High School,3,106,0.87,69,10,6972162,0.02,3,Rural,3,1.0,1,Single,3,1 Month
825,26,Male,Diploma,0,75,0.61,47,16,7172060,0.04,4,Urban,3,2.9,1,Married,44,3 Months
826,39,Female,High School,7,103,1.15,41,7,4308064,0.06,1,Urban,2,2.6,1,Married,46,Onboarding
827,31,Male,Diploma,0,78,0.5,64,16,3078947,0.05,1,Urban,4,2.1,1,Single,34,3 Months
828,43,Male,Diploma,4,146,1.04,54,19,4953980,0.06,1,Urban,2,0.7,0,Single,22,Stayed
829,42,Male,High School,5,63,0.81,48,10,5538361,0.1,1,Rural,1,2.1,1,Married,29,Onboarding
830,27,Female,Diploma,5,127,1.0,58,1,6969411,0.05,4,Urban,2,0.5,1,Married,29,Onboarding
831,22,Male,High School,4,84,0.65,59,9,3968410,0.06,1,Suburban,4,0.6,1,Single,5,Onboarding
832,26,Female,Bachelor,2,79,0.81,47,9,5410912,0.03,4,Urban,3,2.1,0,Married,10,Stayed
833,30,Female,Bachelor,4,141,1.09,64,10,5599087,0.02,2,Rural,3,1.6,0,Married,10,Stayed
834,33,Male,High School,7,66,0.77,58,5,6936642,0.08,4,Urban,2,4.6,0,Married,9,Stayed
835,35,Male,Bachelor,1,142,0.69,44,3,5467286,0.07,1,Urban,1,1.9,1,Married,21,3 Months
836,23,Male,Diploma,5,128,0.83,50,11,6367764,0.08,2,Urban,4,3.8,0,Married,13,Stayed
837,38,Male,High School,8,159,0.97,54,10,6611880,0.03,3,Urban,3,2.7,0,Single,10,Stayed
838,35,Female,High School,7,151,0.75,47,12,3694934,0.07,4,Urban,2,3.6,1,Married,38,3 Months
839,34,Female,Diploma,7,155,1.15,58,4,4040835,0.04,1,Rural,1,1.4,0,Single,11,Stayed
840,30,Male,Bachelor,7,96,0.64,62,5,4878292,0.04,1,Suburban,1,4.7,1,Married,4,3 Months
841,36,Male,Bachelor,6,113,0.78,66,0,7463786,0.02,1,Suburban,3,2.7,1,Single,46,1 Month
842,43,Female,High School,7,113,1.01,47,5,3142617,0.03,3,Suburban,3,4.2,1,Single,31,3 Months
843,36,Male,High School,5,136,0.95,65,17,4268962,0.04,2,Urban,4,1.9,1,Married,49,3 Months
844,32,Female,Diploma,1,56,1.09,66,8,5101847,0.03,2,Urban,1,0.6,1,Married,34,1 Month
845,37,Male,High School,1,71,1.2,69,14,7926730,0.1,1,Rural,4,3.4,1,Single,42,3 Months
846,38,Male,High School,7,130,0.74,58,7,4030120,0.04,4,Rural,1,0.1,1,Single,35,Onboarding
847,25,Male,High School,0,123,0.49,57,18,4034780,0.03,1,Rural,1,2.4,1,Single,39,1 Month
848,22,Male,Bachelor,5,187,0.42,49,15,6684334,0.04,1,Rural,2,1.0,1,Married,39,Onboarding
849,29,Male,Bachelor,5,184,0.98,68,5,4464123,0.07,4,Urban,3,3.2,0,Married,33,Stayed
850,38,Male,Diploma,3,174,1.1,46,5,4756608,0.03,1,Urban,1,4.9,1,Single,8,Onboarding
851,24,Male,Bachelor,9,99,0.58,67,2,5567228,0.09,3,Urban,4,2.4,1,Married,32,1 Month
852,41,Female,Diploma,2,101,0.53,48,9,3749045,0.1,1,Urban,3,4.1,1,Married,33,1 Month
853,36,Female,Diploma,2,50,0.45,40,0,3872109,0.04,3,Urban,4,2.6,0,Single,8,Stayed
854,36,Male,High School,0,53,1.06,58,13,7034480,0.06,1,Urban,3,2.5,0,Married,46,Stayed
855,43,Male,Diploma,2,194,0.65,44,3,3387405,0.02,2,Suburban,3,4.7,1,Single,14,3 Months
856,35,Male,Bachelor,3,181,0.72,58,11,7561786,0.07,4,Rural,1,4.5,1,Married,34,3 Months
857,44,Male,Diploma,4,53,0.8,40,5,7758669,0.05,2,Suburban,2,4.0,1,Single,8,1 Month
858,35,Male,Diploma,2,50,1.07,54,10,7536363,0.04,1,Rural,1,1.6,0,Single,42,Stayed
859,23,Male,Diploma,5,120,0.92,55,11,4708175,0.04,1,Urban,3,2.8,0,Single,7,Stayed
860,34,Male,High School,4,84,0.89,62,9,6387232,0.07,3,Urban,1,1.2,0,Single,13,Stayed
861,35,Male,Bachelor,2,57,0.54,46,17,6101004,0.05,1,Suburban,1,2.3,1,Married,21,3 Months
862,40,Male,Diploma,5,85,0.81,65,6,5932208,0.03,1,Urban,3,2.5,0,Single,47,Stayed
863,28,Male,Diploma,5,172,0.97,51,6,4910155,0.08,1,Urban,3,4.2,0,Single,32,Stayed
864,24,Female,Diploma,7,92,1.18,47,10,4708086,0.07,2,Urban,1,4.5,1,Married,11,1 Month
865,36,Male,Diploma,1,76,0.56,44,3,7187442,0.09,3,Urban,1,2.1,0,Single,14,Stayed
866,44,Male,High School,0,81,0.41,49,19,6812197,0.03,2,Suburban,1,0.2,1,Single,11,3 Months
867,35,Male,Diploma,3,127,0.46,67,0,6900838,0.08,3,Urban,4,4.3,1,Married,2,Onboarding
868,32,Male,High School,6,170,0.7,60,12,3681376,0.07,2,Suburban,1,1.0,1,Married,34,3 Months
869,36,Female,Bachelor,9,195,1.06,44,17,4715872,0.03,1,Suburban,4,3.1,0,Single,44,Stayed
870,34,Male,Bachelor,2,65,0.41,56,8,3956740,0.08,2,Urban,2,0.2,1,Single,47,3 Months
871,39,Female,Bachelor,2,148,0.77,65,8,5210846,0.06,2,Urban,4,2.1,1,Married,17,Onboarding
872,27,Male,Diploma,4,96,0.66,44,8,7428760,0.1,3,Urban,1,4.9,1,Single,14,1 Month
873,24,Male,Diploma,4,80,0.44,61,9,5309231,0.03,3,Urban,2,0.6,1,Single,25,3 Months
874,40,Female,High School,9,53,0.76,54,1,7610764,0.07,2,Suburban,4,2.2,1,Single,48,Onboarding
875,36,Male,Bachelor,2,66,0.6,52,5,4504819,0.05,3,Suburban,4,1.6,0,Single,27,Stayed
876,44,Male,High School,8,88,0.68,67,14,7495433,0.1,3,Suburban,3,4.5,1,Married,8,3 Months
877,26,Male,Diploma,3,97,0.96,40,2,4967582,0.05,3,Urban,2,4.4,0,Married,17,Stayed
878,31,Male,High School,2,88,0.82,50,10,3840268,0.1,4,Suburban,3,1.3,0,Married,5,Stayed
879,28,Female,High School,1,181,0.5,62,5,6730864,0.09,3,Suburban,2,0.5,1,Married,12,Onboarding
880,38,Male,Diploma,9,79,1.17,40,2,3052635,0.04,4,Urban,4,3.2,0,Single,38,Stayed
881,28,Male,High School,8,71,0.91,50,10,7215250,0.08,4,Suburban,3,1.7,0,Single,18,Stayed
882,43,Male,Bachelor,3,115,1.01,57,14,3983638,0.1,3,Urban,1,3.4,1,Married,26,1 Month
883,33,Male,Diploma,2,157,0.46,57,12,6975904,0.04,2,Suburban,4,0.3,1,Single,31,1 Month
884,38,Male,High School,6,61,0.44,60,19,6263457,0.05,3,Suburban,2,0.8,1,Single,37,1 Month
885,34,Male,Diploma,7,85,0.42,69,9,7186080,0.06,1,Urban,2,3.5,1,Married,6,3 Months
886,41,Male,High School,1,67,0.55,65,5,5791671,0.04,2,Suburban,3,1.1,1,Single,41,Onboarding
887,25,Female,High School,6,139,0.73,55,14,5061892,0.02,4,Urban,3,4.3,0,Single,15,Stayed
888,31,Male,Bachelor,4,50,1.15,52,17,6431543,0.04,4,Urban,2,0.4,1,Married,42,Onboarding
889,24,Male,High School,4,176,0.77,46,17,7078140,0.04,2,Rural,4,1.2,1,Married,49,1 Month
890,30,Female,Bachelor,2,139,0.63,40,6,6596219,0.06,2,Rural,3,5.0,0,Single,26,Stayed
891,34,Male,High School,4,136,0.85,65,14,6465685,0.03,3,Urban,1,2.2,0,Married,12,Stayed
892,39,Male,High School,1,139,0.49,55,17,3096748,0.09,4,Urban,2,3.5,1,Single,41,1 Month
893,36,Male,Bachelor,3,183,0.89,40,17,6909308,0.08,1,Urban,1,1.0,0,Single,47,Stayed
894,25,Male,Diploma,5,119,0.85,56,19,4448598,0.03,3,Urban,2,3.1,1,Married,14,Onboarding
895,36,Male,High School,0,93,1.03,45,8,7823325,0.07,2,Rural,1,3.7,0,Married,1,Stayed
896,43,Female,Diploma,9,135,1.19,41,1,3958395,0.07,4,Rural,4,1.6,0,Single,17,Stayed
897,23,Male,High School,3,68,0.6,56,7,3915767,0.1,2,Suburban,2,4.2,1,Single,33,3 Months
898,36,Male,Bachelor,5,150,0.81,45,19,3301364,0.02,2,Urban,4,3.1,0,Single,29,Stayed
899,29,Female,Diploma,8,195,1.13,53,1,4327878,0.04,2,Suburban,3,2.0,1,Single,45,Onboarding
900,29,Male,Bachelor,1,144,1.03,57,10,6042244,0.09,3,Urban,2,2.8,1,Single,31,1 Month
901,38,Male,Bachelor,6,150,0.79,45,6,6369415,0.09,1,Rural,4,2.9,0,Single,8,Stayed
902,33,Male,Diploma,5,79,1.16,49,5,5418126,0.08,1,Rural,1,0.9,1,Single,30,3 Months
903,40,Female,Bachelor,1,82,0.45,63,9,5109571,0.08,4,Suburban,4,2.1,0,Single,13,Stayed
904,31,Male,Diploma,7,61,1.14,57,4,6703713,0.03,2,Urban,2,1.8,1,Single,16,1 Month
905,30,Male,Bachelor,6,167,0.44,66,10,6492804,0.06,1,Urban,4,2.1,1,Married,2,1 Month
906,26,Male,High School,4,143,0.84,48,0,3381856,0.04,2,Urban,1,3.8,1,Single,45,Onboarding
907,27,Male,Diploma,4,186,1.11,47,1,6643512,0.03,4,Rural,1,2.5,0,Single,18,Stayed
908,41,Male,Diploma,6,198,0.61,67,0,6765444,0.08,2,Urban,1,4.7,1,Married,35,3 Months
909,23,Male,Diploma,8,125,0.78,49,18,3763361,0.03,1,Urban,3,1.5,1,Married,45,Onboarding
910,34,Female,Diploma,8,78,0.66,56,1,5708089,0.06,2,Urban,2,2.1,0,Single,19,Stayed
911,27,Male,Bachelor,8,166,1.16,62,19,7579097,0.1,1,Rural,1,4.0,1,Single,13,1 Month
912,26,Male,High School,5,64,1.06,69,3,7016899,0.03,4,Urban,3,2.8,1,Married,4,3 Months
913,22,Female,High School,9,51,0.97,68,11,6308085,0.1,2,Rural,1,2.8,1,Single,19,1 Month
914,42,Female,Bachelor,5,166,0.87,65,19,6955199,0.1,1,Rural,4,0.4,1,Married,25,3 Months
915,43,Male,Diploma,2,67,1.06,45,17,6998880,0.06,4,Rural,2,2.1,1,Single,38,Onboarding
916,42,Male,Bachelor,0,52,0.71,53,0,6268896,0.03,2,Urban,4,1.4,0,Single,31,Stayed
917,27,Male,Bachelor,6,184,0.76,61,0,4661127,0.05,4,Urban,3,5.0,0,Single,36,Stayed
918,27,Female,Bachelor,3,157,0.98,61,13,7253459,0.05,1,Urban,4,1.6,1,Married,4,Onboarding
919,44,Female,Bachelor,0,144,0.69,45,3,7656630,0.04,2,Urban,4,4.4,1,Married,39,1 Month
920,37,Male,High School,7,171,0.45,65,4,5854135,0.04,2,Urban,1,3.4,1,Single,7,Onboarding
921,25,Female,High School,5,60,0.46,46,10,3476377,0.1,2,Suburban,4,1.8,1,Single,16,Onboarding
922,32,Male,Bachelor,5,117,0.49,51,12,3398422,0.03,4,Urban,1,2.8,1,Single,48,Onboarding
923,44,Male,Diploma,1,172,1.1,42,15,3121937,0.08,4,Rural,1,4.2,0,Single,5,Stayed
924,30,Male,High School,0,162,0.78,53,12,4133629,0.02,1,Urban,2,4.4,1,Married,47,1 Month
925,44,Female,Diploma,1,147,0.97,61,1,3378355,0.07,3,Suburban,3,0.9,1,Single,23,3 Months
926,24,Male,Bachelor,3,142,0.71,58,15,4891369,0.09,2,Suburban,3,1.8,1,Married,36,1 Month
927,40,Female,Diploma,1,71,0.61,62,5,6993611,0.04,2,Suburban,3,1.7,1,Married,32,1 Month
928,29,Female,Diploma,0,176,0.68,55,13,4348416,0.03,1,Rural,1,0.3,1,Married,24,1 Month
929,26,Female,Diploma,6,183,1.04,46,0,6115848,0.07,2,Suburban,3,3.0,0,Married,25,Stayed
930,25,Male,High School,7,74,0.9,47,16,4675259,0.08,4,Rural,1,4.3,0,Single,45,Stayed
931,27,Male,Diploma,5,134,1.15,57,10,4039474,0.08,4,Urban,2,2.0,0,Single,28,Stayed
932,23,Male,Diploma,3,104,0.94,64,18,4959129,0.05,2,Suburban,3,3.7,1,Single,19,Onboarding
933,41,Male,High School,5,193,0.86,52,2,3549391,0.04,2,Urban,1,3.2,1,Single,7,1 Month
934,32,Male,Bachelor,2,144,0.89,60,10,3427479,0.1,4,Urban,3,1.9,1,Single,44,1 Month
935,25,Female,Diploma,7,191,1.15,48,4,4360764,0.09,2,Urban,3,0.8,0,Single,41,Stayed
936,36,Male,Bachelor,9,168,1.03,49,16,6171553,0.06,4,Urban,2,3.6,0,Married,17,Stayed
937,27,Male,Bachelor,1,58,0.42,60,6,5594545,0.09,3,Urban,4,4.3,1,Single,2,Onboarding
938,43,Male,High School,4,199,0.83,62,9,6182999,0.06,3,Urban,3,3.5,0,Married,16,Stayed
939,38,Male,Diploma,0,91,0.95,66,10,4125832,0.05,2,Urban,2,0.2,1,Married,39,Onboarding
940,27,Male,Diploma,5,102,1.0,48,2,6247727,0.03,2,Rural,3,1.2,0,Married,18,Stayed
941,40,Male,Bachelor,1,123,0.57,54,19,5853502,0.05,2,Urban,3,0.4,1,Single,39,3 Months
942,23,Female,High School,3,88,1.09,59,9,3562834,0.06,4,Suburban,3,2.9,0,Single,1,Stayed
943,36,Male,Diploma,5,171,1.16,41,9,3840597,0.02,3,Urban,3,3.8,0,Single,3,Stayed
944,32,Female,Diploma,9,64,0.59,64,13,3850122,0.06,3,Rural,4,0.6,1,Single,21,3 Months
945,29,Female,High School,7,172,1.11,52,11,7641184,0.08,1,Rural,4,4.2,0,Single,30,Stayed
946,40,Male,High School,7,160,0.48,41,14,5572703,0.07,1,Suburban,3,2.8,1,Married,11,1 Month
947,34,Female,Diploma,5,180,0.44,58,9,3730559,0.07,2,Suburban,3,3.5,0,Single,22,Stayed
948,33,Male,Bachelor,3,132,0.5,65,9,3521727,0.09,4,Urban,2,4.9,1,Single,47,3 Months
949,26,Female,Diploma,7,59,0.45,41,18,4862015,0.02,2,Rural,2,0.5,1,Married,25,1 Month
950,27,Male,Diploma,7,141,1.08,42,0,5450503,0.06,3,Rural,1,4.5,1,Single,3,1 Month
951,43,Female,Diploma,9,78,0.45,45,9,4532713,0.08,2,Rural,4,0.7,1,Single,30,1 Month
952,25,Female,Bachelor,0,84,0.62,42,1,5960356,0.06,2,Suburban,3,2.0,1,Married,24,1 Month
953,40,Female,High School,3,55,0.48,49,16,7740616,0.05,3,Urban,4,4.3,0,Single,45,Stayed
954,41,Female,Bachelor,3,189,0.64,63,6,5005464,0.03,3,Rural,2,4.5,1,Married,36,1 Month
955,22,Male,High School,6,160,0.47,66,6,5876673,0.09,3,Urban,4,2.6,0,Single,23,Stayed
956,41,Male,Diploma,6,87,0.93,45,19,4282322,0.06,3,Suburban,4,3.0,0,Married,8,Stayed
957,38,Male,High School,7,126,0.51,62,8,7605677,0.09,1,Urban,3,3.6,1,Single,4,1 Month
958,33,Male,High School,4,142,1.08,55,1,7017641,0.07,4,Rural,3,4.2,0,Single,39,Stayed
959,36,Male,Diploma,6,196,1.05,56,13,4543912,0.07,4,Urban,2,0.7,0,Single,43,Stayed
960,22,Male,High School,7,116,0.41,58,16,6496425,0.08,3,Urban,3,4.1,1,Single,31,Onboarding
961,35,Female,Bachelor,8,185,1.12,42,0,4705692,0.07,4,Suburban,2,2.5,1,Single,29,3 Months
962,27,Male,High School,2,57,0.42,57,8,4008507,0.05,4,Suburban,2,2.3,1,Single,36,Onboarding
963,26,Female,Diploma,2,171,0.59,46,19,3626776,0.06,4,Suburban,1,2.2,0,Single,13,Stayed
964,32,Male,Diploma,3,133,0.43,48,18,5718181,0.08,4,Urban,1,2.6,1,Single,41,1 Month
965,25,Female,High School,4,181,0.67,59,3,4761987,0.05,3,Urban,1,4.7,0,Single,9,Stayed
966,34,Female,High School,9,134,0.81,51,7,3982099,0.05,2,Suburban,4,2.8,0,Single,21,Stayed
967,32,Male,Diploma,0,94,1.04,44,12,6486082,0.03,2,Rural,1,4.8,1,Married,3,Onboarding
968,24,Male,Diploma,6,185,0.67,42,3,4550642,0.09,2,Rural,3,1.0,1,Single,25,1 Month
969,22,Female,Diploma,8,136,0.96,50,8,4791825,0.03,1,Urban,3,3.6,0,Single,25,Stayed
970,27,Male,Diploma,7,65,0.55,64,8,6110041,0.07,4,Rural,1,4.1,1,Married,12,3 Months
971,39,Male,Diploma,4,126,1.0,69,17,5494903,0.05,3,Urban,4,3.4,0,Married,29,Stayed
972,31,Male,High School,3,58,0.59,43,11,3516031,0.05,3,Suburban,2,3.1,1,Single,11,3 Months
973,26,Male,Diploma,6,109,0.51,44,9,3047367,0.07,1,Urban,4,2.9,1,Single,11,1 Month
974,44,Male,Bachelor,4,127,0.55,40,10,4632748,0.03,3,Urban,4,4.3,1,Single,49,Onboarding
975,31,Male,Diploma,6,126,0.55,66,6,7862944,0.07,2,Suburban,2,4.1,1,Single,26,3 Months
976,33,Male,Diploma,0,120,0.81,67,8,3364716,0.08,1,Suburban,2,0.7,1,Married,14,Onboarding
977,23,Male,Diploma,0,64,1.08,68,5,5674691,0.09,3,Urban,2,4.3,1,Single,16,1 Month
978,34,Female,Bachelor,9,120,0.46,57,18,3244697,0.03,1,Urban,3,2.1,1,Married,10,Onboarding
979,29,Male,Bachelor,2,151,0.97,51,15,7920791,0.09,1,Urban,2,1.3,1,Single,31,1 Month
980,23,Female,Diploma,1,71,0.92,52,14,3454623,0.07,3,Suburban,2,4.4,0,Single,31,Stayed
981,41,Male,Bachelor,1,162,1.1,48,6,4310646,0.09,2,Urban,4,2.2,1,Married,36,1 Month
982,22,Male,High School,6,50,0.6,41,15,3041340,0.06,3,Urban,4,4.1,1,Single,10,1 Month
983,26,Male,High School,9,59,0.76,44,4,3969738,0.06,4,Suburban,1,1.4,0,Single,26,Stayed
984,30,Male,Bachelor,1,159,1.14,52,15,3892743,0.09,4,Suburban,4,0.1,1,Married,20,Onboarding
985,38,Male,Bachelor,3,162,0.93,55,0,5014751,0.09,3,Suburban,2,2.5,1,Married,44,1 Month
986,30,Male,High School,1,99,0.71,55,18,4413285,0.06,2,Suburban,3,0.6,1,Married,9,3 Months
987,32,Male,High School,5,61,0.51,63,4,6140283,0.04,4,Rural,4,3.8,1,Single,15,3 Months
988,36,Male,High School,7,138,0.61,42,6,5525525,0.05,4,Rural,4,1.5,0,Single,9,Stayed
989,27,Male,High School,9,161,0.86,61,18,4330657,0.05,3,Rural,2,2.3,0,Married,7,Stayed
990,44,Male,Bachelor,3,127,0.97,43,4,3964211,0.04,3,Suburban,4,0.5,0,Single,26,Stayed
991,24,Male,Diploma,4,170,0.5,50,16,3945161,0.04,3,Urban,4,1.5,0,Married,24,Stayed
992,38,Female,Diploma,3,72,0.88,62,7,5328767,0.09,1,Rural,2,3.9,1,Single,12,1 Month
993,26,Male,Diploma,2,183,0.84,65,0,5707133,0.03,1,Urban,4,0.8,1,Single,20,3 Months
994,33,Male,High School,4,74,0.81,53,1,7819523,0.07,1,Urban,3,3.3,1,Married,14,1 Month
995,39,Female,High School,8,67,0.95,68,14,6086810,0.03,3,Urban,1,4.6,1,Single,22,1 Month
996,35,Male,Diploma,7,190,1.07,42,19,6845979,0.05,2,Urban,4,3.4,0,Single,16,Stayed
997,42,Male,Bachelor,7,92,0.66,55,17,5694991,0.02,4,Rural,3,4.1,1,Single,29,1 Month
998,32,Female,Bachelor,7,127,1.11,61,10,4797555,0.04,1,Suburban,4,0.6,1,Single,32,Onboarding
999,30,Male,High School,7,77,0.53,54,9,3053010,0.08,2,Suburban,1,1.3,0,Single,19,Stayed
1000,23,Male,Bachelor,6,195,0.54,67,3,3907272,0.09,3,Suburban,2,4.5,1,Single,35,Onboarding
